frame,card1Name,card1Label,card2Name,card2Label,card3Name,card3Label,card4Name,card4Label,cardPlayedName,cardPlayedLabel,slotPlayed,elixir,predicted_cardPlayed,y_cardPlayed,y_elixirConsumed,0,predicted_elixirConsumed
00270,Tesla,97.0,X,106.0,Skeletons,94.0,Rocket,84.0,,,,6,False,False,,,
00285,Tesla,97.0,X,106.0,Skeletons,94.0,Rocket,84.0,,,,6,False,False,,,
00300,Tesla,97.0,X,106.0,Skeletons,94.0,Rocket,84.0,,,,7,False,False,,,
00315,Tesla,97.0,X,106.0,Skeletons,94.0,Rocket,84.0,,,,7,False,False,,,
00330,Tesla,97.0,X,106.0,Skeletons,94.0,Rocket,84.0,,,,7,False,False,,,
00345,Tesla,97.0,X,106.0,Skeletons,94.0,Rocket,84.0,,,,7,False,False,,,
00360,Tesla,97.0,X,106.0,Skeletons,94.0,Rocket,84.0,,,,7,False,False,,,
00375,Tesla,97.0,X,106.0,Skeletons,94.0,Rocket,84.0,,,,7,False,False,,,
00390,Tesla,97.0,X,106.0,Skeletons,94.0,Rocket,84.0,,,,8,False,False,,,
00405,Tesla,97.0,X,106.0,Skeletons,94.0,Rocket,84.0,,,,8,False,False,,,
00420,Tesla,97.0,X,106.0,Skeletons,94.0,Rocket,84.0,,,,8,False,False,,,
00435,Tesla,97.0,X,106.0,Skeletons,94.0,Rocket,84.0,,,,8,False,False,,,
00450,Tesla,97.0,X,106.0,Skeletons,94.0,Rocket,84.0,,,,8,False,False,,,
00465,Tesla,97.0,X,106.0,Skeletons,94.0,Rocket,84.0,,,,9,False,False,,,
00480,Tesla,97.0,X,106.0,Skeletons,94.0,Rocket,84.0,,,,9,False,False,,,
00495,Tesla,97.0,X,106.0,Skeletons,94.0,Rocket,84.0,,,,9,False,False,,,
00510,Tesla,97.0,X,106.0,Skeletons,94.0,Rocket,84.0,,,,9,False,False,,,
00525,Tesla,97.0,X,106.0,Skeletons,94.0,Rocket,84.0,,,,9,False,False,,,
00540,Tesla,97.0,X,106.0,The Log,98.0,Rocket,84.0,Skeletons,94.0,3.0,8,True,True,,Skeletons,1.0
00555,Tesla,97.0,X,106.0,The Log,98.0,Rocket,84.0,,,,9,False,False,,,
00570,Tesla,97.0,X,106.0,The Log,98.0,Rocket,84.0,,,,9,False,False,,,
00585,Tesla,97.0,X,106.0,The Log,98.0,Rocket,84.0,,,,9,False,False,,,
00600,Tesla,97.0,X,106.0,The Log,98.0,Rocket,84.0,,,,9,False,False,,,
00615,Tesla,97.0,X,106.0,The Log,98.0,Rocket,84.0,,,,9,False,False,,,
00630,Tesla,97.0,X,106.0,The Log,98.0,Rocket,84.0,,,,10,False,False,,,
00645,Tesla,97.0,X,106.0,The Log,98.0,Rocket,84.0,,,,10,False,False,,,
00660,Tesla,97.0,X,106.0,The Log,98.0,Rocket,84.0,,,,10,False,False,,,
00675,Tesla,97.0,X,106.0,Ice Wizard,55.0,Rocket,84.0,The Log,98.0,3.0,8,True,True,,The Log,2.0
00690,Tesla,97.0,X,106.0,Ice Wizard,55.0,Rocket,84.0,,,,8,False,False,,,
00705,Tesla,97.0,X,106.0,Ice Wizard,55.0,Rocket,84.0,,,,8,False,False,,,
00720,Tesla,97.0,X,106.0,Ice Wizard,55.0,Rocket,84.0,,,,8,False,False,,,
00735,Tesla,97.0,X,106.0,Ice Wizard,55.0,Rocket,84.0,,,,8,False,False,,,
00750,Tesla,97.0,X,106.0,Ice Wizard,55.0,Rocket,84.0,,,,8,False,False,,,
00765,Tesla,97.0,X,106.0,Ice Wizard,55.0,Rocket,84.0,,,,9,False,False,,,
00780,Tesla,97.0,X,106.0,Ice Wizard,55.0,Rocket,84.0,,,,9,False,False,,,
00795,Tesla,97.0,X,106.0,Ice Wizard,55.0,Rocket,84.0,,,,9,False,False,,,
00810,Tesla,97.0,X,106.0,Ice Wizard,55.0,Rocket,84.0,,,,9,False,False,,,
00825,Tesla,97.0,X,106.0,Tornado,101.0,Rocket,84.0,Ice Wizard,55.0,3.0,6,True,True,,Ice Wizard,3.0
00840,Tesla,97.0,X,106.0,Tornado,101.0,Rocket,84.0,,,,7,False,False,,,
00855,Tesla,97.0,X,106.0,Tornado,101.0,Rocket,84.0,,,,7,False,False,,,
00870,Tesla,97.0,X,106.0,Tornado,101.0,Rocket,84.0,,,,7,False,False,,,
00885,Tesla,97.0,X,106.0,Tornado,101.0,Rocket,84.0,,,,7,False,False,,,
00900,Tesla,97.0,X,106.0,Tornado,101.0,Rocket,84.0,,,,7,False,False,,,
00915,Tesla,97.0,X,106.0,Tornado,101.0,Rocket,84.0,,,,7,False,False,,,
00930,Tesla,97.0,X,106.0,Tornado,101.0,Rocket,84.0,,,,8,False,False,,,
00945,Tesla,97.0,X,106.0,Tornado,101.0,Rocket,84.0,,,,8,False,False,,,
00960,Tesla,97.0,X,106.0,Tornado,101.0,Rocket,84.0,,,,8,False,False,,,
00975,Tesla,97.0,X,106.0,Tornado,101.0,Rocket,84.0,,,,8,False,False,,,
00990,Tesla,97.0,X,106.0,Tornado,101.0,Rocket,84.0,,,,8,False,False,,,
01005,Tesla,97.0,X,106.0,Tornado,101.0,Rocket,84.0,,,,8,False,False,,,
01020,Tesla,97.0,X,106.0,Tornado,101.0,Rocket,84.0,,,,9,False,False,,,
01035,Tesla,97.0,X,106.0,Tornado,101.0,Rocket,84.0,,,,9,False,False,,,
01050,Tesla,97.0,X,106.0,Tornado,101.0,Rocket,84.0,,,,9,False,False,,,
01065,Tesla,97.0,X,106.0,Tornado,101.0,Rocket,84.0,,,,9,False,False,,,
01080,Tesla,97.0,X,106.0,Tornado,101.0,Rocket,84.0,,,,9,False,False,,,
01095,Knight,58.0,X,106.0,Tornado,101.0,Rocket,84.0,Tesla,97.0,1.0,6,True,True,,Tesla,4.0
01110,Knight,58.0,X,106.0,Tornado,101.0,Rocket,84.0,,,,6,False,False,,,
01125,Knight,58.0,X,106.0,Tornado,101.0,Rocket,84.0,,,,6,False,False,,,
01140,Knight,58.0,X,106.0,Tornado,101.0,Rocket,84.0,,,,6,False,False,,,
01155,Knight,58.0,X,106.0,Tornado,101.0,Rocket,84.0,,,,6,False,False,,,
01170,Knight,58.0,X,106.0,Tornado,101.0,Rocket,84.0,,,,6,False,False,,,
01185,Knight,58.0,X,106.0,Tornado,101.0,Rocket,84.0,,,,7,False,False,,,
01200,Knight,58.0,X,106.0,Tornado,101.0,Rocket,84.0,,,,7,False,False,,,
01215,Knight,58.0,X,106.0,Tornado,101.0,Rocket,84.0,,,,7,False,False,,,
01230,Knight,58.0,X,106.0,Tornado,101.0,Rocket,84.0,,,,7,False,False,,,
01245,Knight,58.0,X,106.0,Tornado,101.0,Rocket,84.0,,,,7,False,False,,,
01260,Knight,58.0,X,106.0,Tornado,101.0,Rocket,84.0,,,,8,False,False,,,
01275,Knight,58.0,X,106.0,Tornado,101.0,Rocket,84.0,,,,8,False,False,,,
01290,Knight,58.0,X,106.0,Tornado,101.0,Rocket,84.0,,,,8,False,False,,,
01305,Knight,58.0,X,106.0,Tornado,101.0,Rocket,84.0,,,,8,False,False,,,
01320,Knight,58.0,X,106.0,Tornado,101.0,Rocket,84.0,,,,8,False,False,,,
01335,Knight,58.0,X,106.0,Tornado,101.0,Rocket,84.0,,,,8,False,False,,,
01350,Knight,58.0,X,106.0,Tornado,101.0,Rocket,84.0,,,,9,False,False,,,
01365,Knight,58.0,X,106.0,Tornado,101.0,Rocket,84.0,,,,9,False,False,,,
01380,Knight,58.0,X,106.0,Tornado,101.0,Rocket,84.0,,,,9,False,False,,,
01395,Knight,58.0,X,106.0,Tornado,101.0,Rocket,84.0,,,,9,False,False,,,
01410,Knight,58.0,X,106.0,Tornado,101.0,Rocket,84.0,,,,9,False,False,,,
01425,Skeletons,94.0,X,106.0,Tornado,101.0,Rocket,84.0,Knight,58.0,1.0,6,True,True,,Knight,3.0
01440,Skeletons,94.0,X,106.0,Tornado,101.0,Rocket,84.0,,,,7,False,False,,,
01455,Skeletons,94.0,X,106.0,Tornado,101.0,Rocket,84.0,,,,7,False,False,,,
01470,Skeletons,94.0,X,106.0,Tornado,101.0,Rocket,84.0,,,,7,False,False,,,
01485,Skeletons,94.0,X,106.0,Tornado,101.0,Rocket,84.0,,,,7,False,False,,,
01500,Skeletons,94.0,X,106.0,Tornado,101.0,Rocket,84.0,,,,7,False,False,,,
01515,Skeletons,94.0,X,106.0,Tornado,101.0,Rocket,84.0,,,,8,False,False,,,
01530,Skeletons,94.0,X,106.0,Tornado,101.0,Rocket,84.0,,,,8,False,False,,,
01545,Skeletons,94.0,X,106.0,Tornado,101.0,Rocket,84.0,,,,8,False,False,,,
01560,Skeletons,94.0,X,106.0,Tornado,101.0,Rocket,84.0,,,,8,False,False,,,
01575,Skeletons,94.0,X,106.0,Tornado,101.0,Rocket,84.0,,,,8,False,False,,,
01590,Skeletons,94.0,X,106.0,Tornado,101.0,Rocket,84.0,,,,8,False,False,,,
01605,Skeletons,94.0,X,106.0,Tornado,101.0,Rocket,84.0,,,,9,False,False,,,
01620,Skeletons,94.0,X,106.0,Tornado,101.0,Rocket,84.0,,,,9,False,False,,,
01635,Skeletons,94.0,X,106.0,Tornado,101.0,Rocket,84.0,,,,9,False,False,,,
01650,Skeletons,94.0,X,106.0,Tornado,101.0,Rocket,84.0,,,,9,False,False,,,
01665,The Log,98.0,X,106.0,Tornado,101.0,Rocket,84.0,Skeletons,94.0,1.0,8,True,True,,Skeletons,1.0
01680,The Log,98.0,X,106.0,Tornado,101.0,Rocket,84.0,,,,9,False,False,,,
01695,The Log,98.0,X,106.0,Tornado,101.0,Rocket,84.0,,,,9,False,False,,,
01710,The Log,98.0,X,106.0,Tornado,101.0,Rocket,84.0,,,,9,False,False,,,
01725,The Log,98.0,X,106.0,Tornado,101.0,Rocket,84.0,,,,9,False,False,,,
01740,The Log,98.0,X,106.0,Tornado,101.0,Rocket,84.0,,,,9,False,False,,,
01755,Ice Wizard,55.0,X,106.0,Tornado,101.0,Rocket,84.0,The Log,98.0,1.0,10,True,False,,The Log,2.0
01770,Ice Wizard,55.0,X,106.0,Tornado,101.0,Rocket,84.0,,,,10,False,False,,,
01785,Ice Wizard,55.0,X,106.0,Tornado,101.0,Rocket,84.0,,,,8,False,True,,,
01800,Ice Wizard,55.0,X,106.0,Tornado,101.0,Rocket,84.0,,,,8,False,False,,,
01815,Ice Wizard,55.0,X,106.0,Tornado,101.0,Rocket,84.0,,,,8,False,False,,,
01830,Ice Wizard,55.0,X,106.0,Tornado,101.0,Rocket,84.0,,,,8,False,False,,,
01845,Ice Wizard,55.0,X,106.0,Tornado,101.0,Rocket,84.0,,,,8,False,False,,,
01860,Ice Wizard,55.0,X,106.0,Tornado,101.0,Rocket,84.0,,,,9,False,False,,,
01875,Ice Wizard,55.0,X,106.0,Tornado,101.0,Rocket,84.0,,,,9,False,False,,,
01890,Ice Wizard,55.0,X,106.0,Tornado,101.0,Rocket,84.0,,,,9,False,False,,,
01905,Ice Wizard,55.0,X,106.0,Tornado,101.0,Rocket,84.0,,,,9,False,False,,,
01920,Tesla,97.0,X,106.0,Tornado,101.0,Rocket,84.0,Ice Wizard,55.0,1.0,6,True,True,,Ice Wizard,3.0
01935,Tesla,97.0,X,106.0,Tornado,101.0,Rocket,84.0,,,,7,False,False,,,
01950,Tesla,97.0,X,106.0,Tornado,101.0,Rocket,84.0,,,,7,False,False,,,
01965,Tesla,97.0,X,106.0,Tornado,101.0,Rocket,84.0,,,,7,False,False,,,
01980,Tesla,97.0,X,106.0,Tornado,101.0,Rocket,84.0,,,,7,False,False,,,
01995,Tesla,97.0,X,106.0,Tornado,101.0,Rocket,84.0,,,,7,False,False,,,
02010,Tesla,97.0,X,106.0,Tornado,101.0,Rocket,84.0,,,,7,False,False,,,
02025,Tesla,97.0,X,106.0,Tornado,101.0,Rocket,84.0,,,,8,False,False,,,
02040,Tesla,97.0,X,106.0,Tornado,101.0,Rocket,84.0,,,,8,False,False,,,
02055,Tesla,97.0,X,106.0,Tornado,101.0,Rocket,84.0,,,,8,False,False,,,
02070,Tesla,97.0,X,106.0,Tornado,101.0,Rocket,84.0,,,,8,False,False,,,
02085,Tesla,97.0,X,106.0,Tornado,101.0,Rocket,84.0,,,,8,False,False,,,
02100,Tesla,97.0,X,106.0,Tornado,101.0,Rocket,84.0,,,,9,False,False,,,
02115,Tesla,97.0,X,106.0,Tornado,101.0,Rocket,84.0,,,,9,False,False,,,
02130,Tesla,97.0,X,106.0,Tornado,101.0,Rocket,84.0,,,,9,False,False,,,
02145,Tesla,97.0,X,106.0,Tornado,101.0,Rocket,84.0,,,,9,False,False,,,
02160,Knight,58.0,X,106.0,Tornado,101.0,Rocket,84.0,Tesla,97.0,1.0,5,True,True,,Tesla,4.0
02175,Knight,58.0,X,106.0,Tornado,101.0,Rocket,84.0,,,,5,False,False,,,
02190,Knight,58.0,X,106.0,Tornado,101.0,Rocket,84.0,,,,6,False,False,,,
02205,Skeletons,94.0,X,106.0,Tornado,101.0,Rocket,84.0,Knight,58.0,1.0,3,True,True,,Knight,3.0
02220,Skeletons,94.0,X,106.0,Tornado,101.0,Rocket,84.0,,,,3,False,False,,,
02235,Skeletons,94.0,X,106.0,Tornado,101.0,Rocket,84.0,,,,3,False,False,,,
02250,Skeletons,94.0,X,106.0,Tornado,101.0,Rocket,84.0,,,,3,False,False,,,
02265,The Log,98.0,X,106.0,Tornado,101.0,Rocket,84.0,Skeletons,94.0,1.0,2,True,True,,Skeletons,1.0
02280,The Log,98.0,X,106.0,Tornado,101.0,Rocket,84.0,,,,3,False,False,,,
02295,The Log,98.0,X,106.0,Tornado,101.0,Rocket,84.0,,,,3,False,False,,,
02310,Ice Wizard,55.0,X,106.0,Tornado,101.0,Rocket,84.0,The Log,98.0,1.0,3,True,False,,The Log,2.0
02325,Ice Wizard,55.0,X,106.0,Tornado,101.0,Rocket,84.0,,,,1,False,True,,,
02340,Ice Wizard,55.0,X,106.0,Tornado,101.0,Rocket,84.0,,,,1,False,False,,,
02355,Ice Wizard,55.0,X,106.0,Tornado,101.0,Rocket,84.0,,,,2,False,False,,,
02370,Ice Wizard,55.0,X,106.0,Tornado,101.0,Rocket,84.0,,,,2,False,False,,,
02385,Ice Wizard,55.0,X,106.0,Tornado,101.0,Rocket,84.0,,,,2,False,False,,,
02400,Ice Wizard,55.0,X,106.0,Tornado,101.0,Rocket,84.0,,,,2,False,False,,,
02415,Ice Wizard,55.0,X,106.0,Tornado,101.0,Rocket,84.0,,,,2,False,False,,,
02430,Ice Wizard,55.0,X,106.0,Tornado,101.0,Rocket,84.0,,,,2,False,False,,,
02445,Ice Wizard,55.0,X,106.0,Tornado,101.0,Rocket,84.0,,,,3,False,False,,,
02460,Ice Wizard,55.0,X,106.0,Tornado,101.0,Rocket,84.0,,,,3,False,False,,,
02475,Ice Wizard,55.0,X,106.0,Tornado,101.0,Rocket,84.0,,,,3,False,False,,,
02490,Ice Wizard,55.0,X,106.0,Tornado,101.0,Rocket,84.0,,,,3,False,False,,,
02505,Ice Wizard,55.0,X,106.0,Tornado,101.0,Rocket,84.0,,,,3,False,False,,,
02520,Ice Wizard,55.0,X,106.0,Tornado,101.0,Rocket,84.0,,,,4,False,False,,,
02535,Ice Wizard,55.0,X,106.0,Tornado,101.0,Rocket,84.0,,,,4,False,False,,,
02550,Ice Wizard,55.0,X,106.0,Tornado,101.0,Rocket,84.0,,,,4,False,False,,,
02565,Ice Wizard,55.0,X,106.0,Tornado,101.0,Rocket,84.0,,,,4,False,False,,,
02580,Ice Wizard,55.0,X,106.0,Tornado,101.0,Rocket,84.0,,,,4,False,False,,,
02595,Ice Wizard,55.0,X,106.0,Tornado,101.0,Rocket,84.0,,,,4,False,False,,,
02610,Ice Wizard,55.0,X,106.0,Tornado,101.0,Rocket,84.0,,,,5,False,False,,,
02625,Ice Wizard,55.0,X,106.0,Tornado,101.0,Rocket,84.0,,,,5,False,False,,,
02640,Ice Wizard,55.0,X,106.0,Tornado,101.0,Rocket,84.0,,,,5,False,False,,,
02655,Ice Wizard,55.0,X,106.0,Tornado,101.0,Rocket,84.0,,,,5,False,False,,,
02670,Ice Wizard,55.0,X,106.0,Tornado,101.0,Rocket,84.0,,,,5,False,False,,,
02685,Ice Wizard,55.0,X,106.0,Tornado,101.0,Rocket,84.0,,,,5,False,False,,,
02700,Ice Wizard,55.0,X,106.0,Tornado,101.0,Rocket,84.0,,,,6,False,False,,,
02715,Ice Wizard,55.0,X,106.0,Tornado,101.0,Rocket,84.0,,,,6,False,False,,,
02730,Ice Wizard,55.0,X,106.0,Tornado,101.0,Rocket,84.0,,,,6,False,False,,,
02745,Ice Wizard,55.0,X,106.0,Tornado,101.0,Rocket,84.0,,,,6,False,False,,,
02760,Ice Wizard,55.0,X,106.0,Tornado,101.0,Rocket,84.0,,,,6,False,False,,,
02775,Ice Wizard,55.0,X,106.0,Tornado,101.0,Rocket,84.0,,,,7,False,False,,,
02790,Ice Wizard,55.0,X,106.0,Tornado,101.0,Rocket,84.0,,,,7,False,False,,,
02805,Ice Wizard,55.0,Tesla,97.0,Tornado,101.0,Rocket,84.0,X,106.0,2.0,1,True,True,,X,6.0
02820,Ice Wizard,55.0,Tesla,97.0,Tornado,101.0,Rocket,84.0,,,,1,False,False,,,
02835,Ice Wizard,55.0,Tesla,97.0,Tornado,101.0,Rocket,84.0,,,,1,False,False,,,
02850,Ice Wizard,55.0,Tesla,97.0,Tornado,101.0,Rocket,84.0,,,,1,False,False,,,
02865,Ice Wizard,55.0,Tesla,97.0,Tornado,101.0,Rocket,84.0,,,,2,False,False,,,
02880,Ice Wizard,55.0,Tesla,97.0,Tornado,101.0,Rocket,84.0,,,,2,False,False,,,
02895,Ice Wizard,55.0,Tesla,97.0,Tornado,101.0,Rocket,84.0,,,,2,False,False,,,
02910,Ice Wizard,55.0,Tesla,97.0,Tornado,101.0,Rocket,84.0,,,,2,False,False,,,
02925,Ice Wizard,55.0,Tesla,97.0,Tornado,101.0,Rocket,84.0,,,,2,False,False,,,
02940,Ice Wizard,55.0,Tesla,97.0,Tornado,101.0,Rocket,84.0,,,,3,False,False,,,
02955,Ice Wizard,55.0,Tesla,97.0,Tornado,101.0,Rocket,84.0,,,,3,False,False,,,
02970,Ice Wizard,55.0,Tesla,97.0,Tornado,101.0,Rocket,84.0,,,,3,False,False,,,
02985,Ice Wizard,55.0,Tesla,97.0,Tornado,101.0,Rocket,84.0,,,,3,False,False,,,
03000,Knight,58.0,Tesla,97.0,Tornado,101.0,Rocket,84.0,Ice Wizard,55.0,1.0,0,True,True,,Ice Wizard,3.0
03015,Knight,58.0,Tesla,97.0,Tornado,101.0,Rocket,84.0,,,,0,False,False,,,
03030,Knight,58.0,Tesla,97.0,Tornado,101.0,Rocket,84.0,,,,1,False,False,,,
03045,Knight,58.0,Tesla,97.0,Tornado,101.0,Rocket,84.0,,,,1,False,False,,,
03060,Knight,58.0,Tesla,97.0,Tornado,101.0,Rocket,84.0,,,,1,False,False,,,
03075,Knight,58.0,Tesla,97.0,Tornado,101.0,Rocket,84.0,,,,1,False,False,,,
03090,Knight,58.0,Tesla,97.0,Tornado,101.0,Rocket,84.0,,,,1,False,False,,,
03105,Knight,58.0,Tesla,97.0,Tornado,101.0,Rocket,84.0,,,,1,False,False,,,
03120,Knight,58.0,Tesla,97.0,Tornado,101.0,Rocket,84.0,,,,2,False,False,,,
03135,Knight,58.0,Tesla,97.0,Tornado,101.0,Rocket,84.0,,,,2,False,False,,,
03150,Knight,58.0,Tesla,97.0,Tornado,101.0,Rocket,84.0,,,,2,False,False,,,
03165,Knight,58.0,Tesla,97.0,Tornado,101.0,Rocket,84.0,,,,2,False,False,,,
03180,Knight,58.0,Tesla,97.0,Tornado,101.0,Rocket,84.0,,,,2,False,False,,,
03195,Knight,58.0,Tesla,97.0,Tornado,101.0,Rocket,84.0,,,,3,False,False,,,
03210,Knight,58.0,Tesla,97.0,Tornado,101.0,Rocket,84.0,,,,3,False,False,,,
03225,Knight,58.0,Tesla,97.0,Tornado,101.0,Rocket,84.0,,,,3,False,False,,,
03240,Knight,58.0,Tesla,97.0,Tornado,101.0,Rocket,84.0,,,,3,False,False,,,
03255,Knight,58.0,Tesla,97.0,Tornado,101.0,Rocket,84.0,,,,3,False,False,,,
03270,Skeletons,94.0,Tesla,97.0,Tornado,101.0,Rocket,84.0,Knight,58.0,1.0,0,True,True,,Knight,3.0
03285,Skeletons,94.0,Tesla,97.0,Tornado,101.0,Rocket,84.0,,,,1,False,False,,,
03300,Skeletons,94.0,Tesla,97.0,Tornado,101.0,Rocket,84.0,,,,1,False,False,,,
03315,Skeletons,94.0,Tesla,97.0,Tornado,101.0,Rocket,84.0,,,,1,False,False,,,
03330,Skeletons,94.0,Tesla,97.0,Tornado,101.0,Rocket,84.0,,,,1,False,False,,,
03345,Skeletons,94.0,Tesla,97.0,Tornado,101.0,Rocket,84.0,,,,1,False,False,,,
03360,Skeletons,94.0,Tesla,97.0,Tornado,101.0,Rocket,84.0,,,,2,False,False,,,
03375,Skeletons,94.0,Tesla,97.0,Tornado,101.0,Rocket,84.0,,,,2,False,False,,,
03390,Skeletons,94.0,Tesla,97.0,Tornado,101.0,Rocket,84.0,,,,2,False,False,,,
03405,Skeletons,94.0,Tesla,97.0,Tornado,101.0,Rocket,84.0,,,,2,False,False,,,
03420,Skeletons,94.0,Tesla,97.0,Tornado,101.0,Rocket,84.0,,,,2,False,False,,,
03435,Skeletons,94.0,Tesla,97.0,Tornado,101.0,Rocket,84.0,,,,2,False,False,,,
03450,Skeletons,94.0,Tesla,97.0,Tornado,101.0,Rocket,84.0,,,,3,False,False,,,
03465,Skeletons,94.0,Tesla,97.0,Tornado,101.0,Rocket,84.0,,,,3,False,False,,,
03480,Skeletons,94.0,Tesla,97.0,Tornado,101.0,Rocket,84.0,,,,3,False,False,,,
03495,Skeletons,94.0,Tesla,97.0,Tornado,101.0,Rocket,84.0,,,,3,False,False,,,
03510,Skeletons,94.0,Tesla,97.0,Tornado,101.0,Rocket,84.0,,,,3,False,False,,,
03525,Skeletons,94.0,Tesla,97.0,Tornado,101.0,Rocket,84.0,,,,4,False,False,,,
03540,Skeletons,94.0,Tesla,97.0,Tornado,101.0,Rocket,84.0,,,,4,False,False,,,
03555,Skeletons,94.0,Tesla,97.0,Tornado,101.0,Rocket,84.0,,,,4,False,False,,,
03570,Skeletons,94.0,Tesla,97.0,Tornado,101.0,Rocket,84.0,,,,4,False,False,,,
03585,Skeletons,94.0,Tesla,97.0,Tornado,101.0,Rocket,84.0,,,,4,False,False,,,
03600,Skeletons,94.0,Tesla,97.0,Tornado,101.0,Rocket,84.0,,,,4,False,False,,,
03615,Skeletons,94.0,Tesla,97.0,Tornado,101.0,Rocket,84.0,,,,5,False,False,,,
03630,Skeletons,94.0,Tesla,97.0,Tornado,101.0,Rocket,84.0,,,,5,False,False,,,
03645,Skeletons,94.0,Tesla,97.0,Tornado,101.0,Rocket,84.0,,,,5,False,False,,,
03660,Skeletons,94.0,Tesla,97.0,Tornado,101.0,Rocket,84.0,,,,5,False,False,,,
03675,Skeletons,94.0,Tesla,97.0,Tornado,101.0,Rocket,84.0,,,,5,False,False,,,
03690,Skeletons,94.0,Tesla,97.0,Tornado,101.0,Rocket,84.0,,,,5,False,False,,,
03705,Skeletons,94.0,Tesla,97.0,Tornado,101.0,Rocket,84.0,,,,6,False,False,,,
03720,Skeletons,94.0,Tesla,97.0,Tornado,101.0,Rocket,84.0,,,,6,False,False,,,
03735,Skeletons,94.0,Tesla,97.0,Tornado,101.0,Rocket,84.0,,,,6,False,False,,,
03750,Skeletons,94.0,Tesla,97.0,Tornado,101.0,Rocket,84.0,,,,6,False,False,,,
03765,Skeletons,94.0,The Log,98.0,Tornado,101.0,Rocket,84.0,Tesla,97.0,2.0,2,True,True,,Tesla,4.0
03780,Skeletons,94.0,The Log,98.0,Tornado,101.0,Rocket,84.0,,,,3,False,False,,,
03795,Skeletons,94.0,The Log,98.0,Tornado,101.0,Rocket,84.0,,,,3,False,False,,,
03810,Skeletons,94.0,The Log,98.0,Tornado,101.0,Rocket,84.0,,,,3,False,False,,,
03825,Skeletons,94.0,The Log,98.0,Tornado,101.0,Rocket,84.0,,,,4,False,False,,,
03840,Skeletons,94.0,The Log,98.0,Tornado,101.0,Rocket,84.0,,,,4,False,False,,,
03855,Skeletons,94.0,The Log,98.0,Tornado,101.0,Rocket,84.0,,,,4,False,False,,,
03870,Skeletons,94.0,The Log,98.0,Tornado,101.0,Rocket,84.0,,,,5,False,False,,,
03885,Skeletons,94.0,The Log,98.0,Tornado,101.0,Rocket,84.0,,,,5,False,False,,,
03900,Skeletons,94.0,The Log,98.0,Tornado,101.0,Rocket,84.0,,,,5,False,False,,,
03915,Skeletons,94.0,The Log,98.0,Tornado,101.0,Rocket,84.0,,,,6,False,False,,,
03930,Skeletons,94.0,The Log,98.0,Tornado,101.0,Rocket,84.0,,,,6,False,False,,,
03945,Skeletons,94.0,The Log,98.0,Tornado,101.0,Rocket,84.0,,,,6,False,False,,,
03960,Skeletons,94.0,The Log,98.0,Tornado,101.0,Rocket,84.0,,,,7,False,False,,,
03975,Skeletons,94.0,The Log,98.0,X,106.0,Rocket,84.0,Tornado,101.0,3.0,4,True,True,,Tornado,3.0
03990,Skeletons,94.0,The Log,98.0,X,106.0,Rocket,84.0,,,,5,False,False,,,
04005,Skeletons,94.0,The Log,98.0,X,106.0,Rocket,84.0,,,,5,False,False,,,
04020,Skeletons,94.0,The Log,98.0,X,106.0,Rocket,84.0,,,,5,False,False,,,
04035,Skeletons,94.0,The Log,98.0,X,106.0,Rocket,84.0,,,,6,False,False,,,
04050,Skeletons,94.0,The Log,98.0,X,106.0,Rocket,84.0,,,,6,False,False,,,
04065,Skeletons,94.0,The Log,98.0,X,106.0,Rocket,84.0,,,,6,False,False,,,
04080,Skeletons,94.0,The Log,98.0,X,106.0,Rocket,84.0,,,,7,False,False,,,
04095,Skeletons,94.0,The Log,98.0,X,106.0,Rocket,84.0,,,,7,False,False,,,
04110,Skeletons,94.0,The Log,98.0,X,106.0,Rocket,84.0,,,,7,False,False,,,
04125,Skeletons,94.0,The Log,98.0,X,106.0,Rocket,84.0,,,,8,False,False,,,
04140,Skeletons,94.0,The Log,98.0,X,106.0,Rocket,84.0,,,,8,False,False,,,
04155,Skeletons,94.0,The Log,98.0,X,106.0,Rocket,84.0,,,,8,False,False,,,
04170,Skeletons,94.0,The Log,98.0,X,106.0,Rocket,84.0,,,,9,False,False,,,
04185,Skeletons,94.0,The Log,98.0,X,106.0,Rocket,84.0,,,,9,False,False,,,
04200,Ice Wizard,55.0,The Log,98.0,X,106.0,Rocket,84.0,Skeletons,94.0,1.0,9,True,False,,Skeletons,1.0
04215,Ice Wizard,55.0,The Log,98.0,X,106.0,Rocket,84.0,,,,9,False,False,,,
04230,Ice Wizard,55.0,The Log,98.0,X,106.0,Rocket,84.0,,,,9,False,False,,,
04245,Ice Wizard,55.0,The Log,98.0,Knight,58.0,Rocket,84.0,X,106.0,3.0,4,True,True,,X,6.0
04260,Ice Wizard,55.0,The Log,98.0,Knight,58.0,Rocket,84.0,,,,4,False,False,,,
04275,Ice Wizard,55.0,The Log,98.0,Knight,58.0,Rocket,84.0,,,,4,False,False,,,
04290,Ice Wizard,55.0,The Log,98.0,Knight,58.0,Rocket,84.0,,,,5,False,False,,,
04305,Ice Wizard,55.0,The Log,98.0,Knight,58.0,Rocket,84.0,,,,5,False,False,,,
04320,Ice Wizard,55.0,The Log,98.0,Knight,58.0,Rocket,84.0,,,,5,False,False,,,
04335,Ice Wizard,55.0,The Log,98.0,Knight,58.0,Rocket,84.0,,,,6,False,False,,,
04350,Ice Wizard,55.0,The Log,98.0,Knight,58.0,Rocket,84.0,,,,6,False,False,,,
04365,Ice Wizard,55.0,The Log,98.0,Knight,58.0,Rocket,84.0,,,,6,False,False,,,
04380,Ice Wizard,55.0,The Log,98.0,Knight,58.0,Rocket,84.0,,,,7,False,False,,,
04395,Ice Wizard,55.0,The Log,98.0,Knight,58.0,Rocket,84.0,,,,7,False,False,,,
04410,Ice Wizard,55.0,The Log,98.0,Knight,58.0,Rocket,84.0,,,,8,False,False,,,
04425,Ice Wizard,55.0,Tesla,97.0,Knight,58.0,Rocket,84.0,The Log,98.0,2.0,6,True,True,,The Log,2.0
04440,Ice Wizard,55.0,Tesla,97.0,Knight,58.0,Rocket,84.0,,,,6,False,False,,,
04455,Ice Wizard,55.0,Tesla,97.0,Knight,58.0,Rocket,84.0,,,,7,False,False,,,
04470,Ice Wizard,55.0,Tesla,97.0,Knight,58.0,Rocket,84.0,,,,7,False,False,,,
04485,Ice Wizard,55.0,Tesla,97.0,Knight,58.0,Rocket,84.0,,,,7,False,False,,,
04500,Ice Wizard,55.0,Tesla,97.0,Knight,58.0,Rocket,84.0,,,,8,False,False,,,
04515,Ice Wizard,55.0,Tesla,97.0,Knight,58.0,Rocket,84.0,,,,8,False,False,,,
04530,Ice Wizard,55.0,Tesla,97.0,Knight,58.0,Rocket,84.0,,,,8,False,False,,,
04545,Tornado,101.0,Tesla,97.0,Knight,58.0,Rocket,84.0,Ice Wizard,55.0,1.0,6,True,True,,Ice Wizard,3.0
04560,Tornado,101.0,Tesla,97.0,Knight,58.0,Rocket,84.0,,,,6,False,False,,,
04575,Tornado,101.0,Tesla,97.0,Knight,58.0,Rocket,84.0,,,,6,False,False,,,
04590,Tornado,101.0,Tesla,97.0,Knight,58.0,Rocket,84.0,,,,7,False,False,,,
04605,Tornado,101.0,Tesla,97.0,Knight,58.0,Rocket,84.0,,,,7,False,False,,,
04620,Tornado,101.0,Tesla,97.0,Knight,58.0,Rocket,84.0,,,,7,False,False,,,
04635,Tornado,101.0,Tesla,97.0,Knight,58.0,Rocket,84.0,,,,8,False,False,,,
04650,Tornado,101.0,Tesla,97.0,Knight,58.0,Rocket,84.0,,,,8,False,False,,,
04665,Tornado,101.0,Tesla,97.0,Knight,58.0,Rocket,84.0,,,,9,False,False,,,
04680,Tornado,101.0,Tesla,97.0,Skeletons,94.0,Rocket,84.0,Knight,58.0,3.0,6,True,True,,Knight,3.0
04695,Tornado,101.0,Tesla,97.0,Skeletons,94.0,Rocket,84.0,,,,6,False,False,,,
04710,Tornado,101.0,Tesla,97.0,Skeletons,94.0,Rocket,84.0,,,,7,False,False,,,
04725,Tornado,101.0,Tesla,97.0,Skeletons,94.0,Rocket,84.0,,,,7,False,False,,,
04740,Tornado,101.0,Tesla,97.0,X,106.0,Rocket,84.0,Skeletons,94.0,3.0,6,True,True,,Skeletons,1.0
04755,Tornado,101.0,Tesla,97.0,X,106.0,Rocket,84.0,,,,7,False,False,,,
04770,Tornado,101.0,Tesla,97.0,X,106.0,Rocket,84.0,,,,7,False,False,,,
04785,Tornado,101.0,Tesla,97.0,X,106.0,Rocket,84.0,,,,7,False,False,,,
04800,Tornado,101.0,Tesla,97.0,X,106.0,Rocket,84.0,,,,8,False,False,,,
04815,Tornado,101.0,Tesla,97.0,The Log,98.0,Rocket,84.0,X,106.0,3.0,8,True,False,,X,6.0
04830,Tornado,101.0,Tesla,97.0,The Log,98.0,Rocket,84.0,,,,2,False,True,,,
04845,Tornado,101.0,Tesla,97.0,The Log,98.0,Rocket,84.0,,,,3,False,False,,,
04860,Tornado,101.0,Tesla,97.0,The Log,98.0,Rocket,84.0,,,,3,False,False,,,
04875,Tornado,101.0,Tesla,97.0,The Log,98.0,Rocket,84.0,,,,4,False,False,,,
04890,Tornado,101.0,Tesla,97.0,The Log,98.0,Rocket,84.0,,,,4,False,False,,,
04905,Tornado,101.0,Tesla,97.0,The Log,98.0,Rocket,84.0,,,,4,False,False,,,
04920,Tornado,101.0,Ice Wizard,55.0,The Log,98.0,Rocket,84.0,Tesla,97.0,2.0,1,True,True,,Tesla,4.0
04935,Tornado,101.0,Ice Wizard,55.0,The Log,98.0,Rocket,84.0,,,,1,False,False,,,
04950,Tornado,101.0,Ice Wizard,55.0,The Log,98.0,Rocket,84.0,,,,1,False,False,,,
04965,Tornado,101.0,Ice Wizard,55.0,The Log,98.0,Rocket,84.0,,,,2,False,False,,,
04980,Tornado,101.0,Ice Wizard,55.0,The Log,98.0,Rocket,84.0,,,,2,False,False,,,
04995,Tornado,101.0,Ice Wizard,55.0,The Log,98.0,Rocket,84.0,,,,2,False,False,,,
05010,Tornado,101.0,Ice Wizard,55.0,The Log,98.0,Rocket,84.0,,,,3,False,False,,,
05025,Tornado,101.0,Ice Wizard,55.0,The Log,98.0,Rocket,84.0,,,,3,False,False,,,
05040,Tornado,101.0,Ice Wizard,55.0,The Log,98.0,Rocket,84.0,,,,4,False,False,,,
05055,Knight,58.0,Ice Wizard,55.0,Rocket,84.0,Rocket,84.0,The Log,98.0,3.0,4,True,False,,The Log,2.0
05070,Knight,58.0,Ice Wizard,55.0,The Log,98.0,Rocket,84.0,Rocket,84.0,3.0,1,True,True,,Rocket,6.0
05085,Knight,58.0,Ice Wizard,55.0,The Log,98.0,Rocket,84.0,,,,2,False,False,,,
05100,Knight,58.0,Ice Wizard,55.0,The Log,98.0,Rocket,84.0,,,,2,False,False,,,
05115,Knight,58.0,Ice Wizard,55.0,The Log,98.0,Rocket,84.0,,,,2,False,False,,,
05130,Knight,58.0,Ice Wizard,55.0,The Log,98.0,Rocket,84.0,,,,3,False,False,,,
05145,Knight,58.0,Ice Wizard,55.0,The Log,98.0,Rocket,84.0,,,,3,False,False,,,
05160,Knight,58.0,Ice Wizard,55.0,The Log,98.0,Rocket,84.0,,,,3,False,False,,,
05175,Knight,58.0,Ice Wizard,55.0,The Log,98.0,Rocket,84.0,,,,4,False,False,,,
05190,Knight,58.0,Ice Wizard,55.0,The Log,98.0,Rocket,84.0,,,,4,False,False,,,
05205,Knight,58.0,Skeletons,94.0,The Log,98.0,Rocket,84.0,Ice Wizard,55.0,2.0,1,True,True,,Ice Wizard,3.0
05220,Knight,58.0,Skeletons,94.0,The Log,98.0,Rocket,84.0,,,,2,False,False,,,
05235,Knight,58.0,Skeletons,94.0,The Log,98.0,Rocket,84.0,,,,2,False,False,,,
05250,Knight,58.0,Skeletons,94.0,The Log,98.0,Rocket,84.0,,,,2,False,False,,,
05265,Knight,58.0,Skeletons,94.0,The Log,98.0,Rocket,84.0,,,,3,False,False,,,
05280,Knight,58.0,Skeletons,94.0,The Log,98.0,Rocket,84.0,,,,3,False,False,,,
05295,Knight,58.0,Skeletons,94.0,The Log,98.0,Rocket,84.0,,,,4,False,False,,,
05310,Knight,58.0,Skeletons,94.0,The Log,98.0,Rocket,84.0,,,,4,False,False,,,
05325,Knight,58.0,Skeletons,94.0,The Log,98.0,Rocket,84.0,,,,4,False,False,,,
05340,Knight,58.0,X,106.0,The Log,98.0,Rocket,84.0,Skeletons,94.0,2.0,4,True,False,,Skeletons,1.0
05355,Knight,58.0,X,106.0,The Log,98.0,Rocket,84.0,,,,4,False,False,,,
05370,Knight,58.0,X,106.0,Tesla,97.0,Rocket,84.0,The Log,98.0,3.0,2,True,True,,The Log,2.0
05385,Knight,58.0,X,106.0,Tesla,97.0,Rocket,84.0,,,,3,False,False,,,
05400,Knight,58.0,X,106.0,Tesla,97.0,Rocket,84.0,,,,3,False,False,,,
05415,Knight,58.0,X,106.0,Tesla,97.0,Rocket,84.0,,,,3,False,False,,,
05430,Knight,58.0,X,106.0,Tesla,97.0,Rocket,84.0,,,,4,False,False,,,
05445,Knight,58.0,X,106.0,Tesla,97.0,Rocket,84.0,,,,4,False,False,,,
05460,Knight,58.0,X,106.0,Tesla,97.0,Rocket,84.0,,,,5,False,False,,,
05475,Knight,58.0,X,106.0,Tesla,97.0,Rocket,84.0,,,,5,False,False,,,
05490,Knight,58.0,X,106.0,Tesla,97.0,Rocket,84.0,,,,5,False,False,,,
05505,Knight,58.0,X,106.0,Tesla,97.0,Rocket,84.0,,,,6,False,False,,,
05520,Knight,58.0,X,106.0,Tesla,97.0,Rocket,84.0,,,,6,False,False,,,
05535,Knight,58.0,X,106.0,Tesla,97.0,Rocket,84.0,,,,6,False,False,,,
05550,Knight,58.0,X,106.0,Tesla,97.0,Rocket,84.0,,,,7,False,False,,,
05565,Knight,58.0,X,106.0,Tesla,97.0,Rocket,84.0,,,,7,False,False,,,
05580,Knight,58.0,X,106.0,Tesla,97.0,Rocket,84.0,,,,7,False,False,,,
05595,Knight,58.0,X,106.0,Tesla,97.0,Rocket,84.0,,,,8,False,False,,,
05610,Knight,58.0,X,106.0,Tesla,97.0,Rocket,84.0,,,,8,False,False,,,
05625,Knight,58.0,X,106.0,Tesla,97.0,Rocket,84.0,,,,8,False,False,,,
05640,Knight,58.0,X,106.0,Tornado,101.0,Rocket,84.0,Tesla,97.0,3.0,5,True,True,,Tesla,4.0
05655,Knight,58.0,X,106.0,Tornado,101.0,Rocket,84.0,,,,5,False,False,,,
05670,Knight,58.0,X,106.0,Tornado,101.0,Rocket,84.0,,,,5,False,False,,,
05685,Knight,58.0,X,106.0,Tornado,101.0,Rocket,84.0,,,,6,False,False,,,
05700,Knight,58.0,X,106.0,Tornado,101.0,Rocket,84.0,,,,6,False,False,,,
05715,Knight,58.0,X,106.0,Ice Wizard,55.0,Rocket,84.0,Tornado,101.0,3.0,4,True,True,,Tornado,3.0
05730,Knight,58.0,X,106.0,Ice Wizard,55.0,Rocket,84.0,,,,4,False,False,,,
05745,Knight,58.0,X,106.0,Ice Wizard,55.0,Rocket,84.0,,,,4,False,False,,,
05760,Knight,58.0,X,106.0,Ice Wizard,55.0,Rocket,84.0,,,,5,False,False,,,
05775,Knight,58.0,X,106.0,Skeletons,94.0,Rocket,84.0,Ice Wizard,55.0,3.0,2,True,True,,Ice Wizard,3.0
05790,Knight,58.0,X,106.0,Skeletons,94.0,Rocket,84.0,,,,2,False,False,,,
05805,Knight,58.0,X,106.0,Skeletons,94.0,Rocket,84.0,,,,3,False,False,,,
05820,Knight,58.0,X,106.0,Skeletons,94.0,Rocket,84.0,,,,3,False,False,,,
05835,Knight,58.0,X,106.0,Skeletons,94.0,Rocket,84.0,,,,3,False,False,,,
05850,The Log,98.0,X,106.0,Skeletons,94.0,Rocket,84.0,Knight,58.0,1.0,1,True,True,,Knight,3.0
05865,The Log,98.0,X,106.0,Skeletons,94.0,Rocket,84.0,,,,1,False,False,,,
05880,The Log,98.0,X,106.0,Tesla,97.0,Rocket,84.0,Skeletons,94.0,3.0,0,True,True,,Skeletons,1.0
05895,The Log,98.0,X,106.0,Tesla,97.0,Rocket,84.0,,,,1,False,False,,,
05910,The Log,98.0,X,106.0,Tesla,97.0,Rocket,84.0,,,,1,False,False,,,
05925,The Log,98.0,X,106.0,Tesla,97.0,Rocket,84.0,,,,2,False,False,,,
05940,The Log,98.0,X,106.0,Tesla,97.0,Rocket,84.0,,,,2,False,False,,,
05955,The Log,98.0,X,106.0,Tesla,97.0,Rocket,84.0,,,,2,False,False,,,
05970,The Log,98.0,X,106.0,Tesla,97.0,Rocket,84.0,,,,3,False,False,,,
05985,The Log,98.0,X,106.0,Tesla,97.0,Rocket,84.0,,,,3,False,False,,,
06000,The Log,98.0,X,106.0,Tesla,97.0,Rocket,84.0,,,,3,False,False,,,
06015,The Log,98.0,X,106.0,Tesla,97.0,Rocket,84.0,,,,4,False,False,,,
06030,The Log,98.0,X,106.0,Tesla,97.0,Rocket,84.0,,,,4,False,False,,,
06045,The Log,98.0,X,106.0,Tesla,97.0,Rocket,84.0,,,,4,False,False,,,
06060,The Log,98.0,X,106.0,Tesla,97.0,Rocket,84.0,,,,5,False,False,,,
06075,The Log,98.0,X,106.0,Tesla,97.0,Rocket,84.0,,,,5,False,False,,,
06090,The Log,98.0,X,106.0,Tesla,97.0,Rocket,84.0,,,,6,False,False,,,
06105,The Log,98.0,X,106.0,Tesla,97.0,Rocket,84.0,,,,6,False,False,,,
06120,The Log,98.0,X,106.0,Tesla,97.0,Rocket,84.0,,,,6,False,False,,,
06135,The Log,98.0,Tornado,101.0,Tesla,97.0,Rocket,84.0,X,106.0,2.0,1,True,True,,X,6.0
06150,The Log,98.0,Tornado,101.0,Tesla,97.0,Rocket,84.0,,,,1,False,False,,,
06165,The Log,98.0,Tornado,101.0,Tesla,97.0,Rocket,84.0,,,,1,False,False,,,
06180,The Log,98.0,Tornado,101.0,Tesla,97.0,Rocket,84.0,,,,2,False,False,,,
06195,The Log,98.0,Tornado,101.0,Tesla,97.0,Rocket,84.0,,,,2,False,False,,,
06210,The Log,98.0,Tornado,101.0,Tesla,97.0,Rocket,84.0,,,,2,False,False,,,
06225,The Log,98.0,Tornado,101.0,Tesla,97.0,Rocket,84.0,,,,3,False,False,,,
06240,The Log,98.0,Tornado,101.0,Tesla,97.0,Rocket,84.0,,,,3,False,False,,,
06255,The Log,98.0,Tornado,101.0,Tesla,97.0,Rocket,84.0,,,,3,False,False,,,
06270,The Log,98.0,Tornado,101.0,Tesla,97.0,Rocket,84.0,,,,4,False,False,,,
06285,The Log,98.0,Tornado,101.0,Tesla,97.0,Rocket,84.0,,,,4,False,False,,,
06300,The Log,98.0,Tornado,101.0,Tesla,97.0,Rocket,84.0,,,,5,False,False,,,
06315,The Log,98.0,Tornado,101.0,Tesla,97.0,Rocket,84.0,,,,5,False,False,,,
06330,The Log,98.0,Tornado,101.0,Tesla,97.0,Rocket,84.0,,,,5,False,False,,,
06345,The Log,98.0,Tornado,101.0,Tesla,97.0,Rocket,84.0,,,,6,False,False,,,
06360,The Log,98.0,Tornado,101.0,Tesla,97.0,Rocket,84.0,,,,6,False,False,,,
06375,The Log,98.0,Tornado,101.0,Ice Wizard,55.0,Rocket,84.0,Tesla,97.0,3.0,2,True,True,,Tesla,4.0
06390,The Log,98.0,Tornado,101.0,Ice Wizard,55.0,Rocket,84.0,,,,3,False,False,,,
06405,The Log,98.0,Tornado,101.0,Ice Wizard,55.0,Rocket,84.0,,,,3,False,False,,,
06420,The Log,98.0,Tornado,101.0,Ice Wizard,55.0,Rocket,84.0,,,,3,False,False,,,
06435,The Log,98.0,Tornado,101.0,Knight,58.0,Rocket,84.0,Ice Wizard,55.0,3.0,2,True,True,,Ice Wizard,3.0
06450,The Log,98.0,Tornado,101.0,Knight,58.0,Rocket,84.0,,,,2,False,False,,,
06465,The Log,98.0,Tornado,101.0,Knight,58.0,Rocket,84.0,,,,2,False,False,,,
06480,The Log,98.0,Tornado,101.0,Knight,58.0,Rocket,84.0,,,,2,False,False,,,
06495,The Log,98.0,Tornado,101.0,Knight,58.0,Rocket,84.0,,,,2,False,False,,,
06510,The Log,98.0,Tornado,101.0,Knight,58.0,Rocket,84.0,,,,3,False,False,,,
06525,The Log,98.0,Tornado,101.0,Knight,58.0,Rocket,84.0,,,,3,False,False,,,
06540,The Log,98.0,Tornado,101.0,Knight,58.0,Rocket,84.0,,,,3,False,False,,,
06555,The Log,98.0,Tornado,101.0,Knight,58.0,Rocket,84.0,,,,4,False,False,,,
06570,The Log,98.0,Tornado,101.0,Knight,58.0,Rocket,84.0,,,,4,False,False,,,
06585,Rocket,84.0,Skeletons,94.0,Knight,58.0,Rocket,84.0,Tornado,101.0,2.0,1,True,True,,Tornado,3.0
06600,The Log,98.0,Skeletons,94.0,Knight,58.0,Rocket,84.0,Rocket,84.0,1.0,2,True,False,,Rocket,6.0
06615,The Log,98.0,Skeletons,94.0,Knight,58.0,Rocket,84.0,,,,2,False,False,,,
06630,The Log,98.0,Skeletons,94.0,Knight,58.0,Rocket,84.0,,,,2,False,False,,,
06645,The Log,98.0,Skeletons,94.0,Knight,58.0,Rocket,84.0,,,,3,False,False,,,
06660,The Log,98.0,Skeletons,94.0,Knight,58.0,Rocket,84.0,,,,3,False,False,,,
06675,The Log,98.0,Skeletons,94.0,Knight,58.0,Rocket,84.0,,,,3,False,False,,,
06690,The Log,98.0,Skeletons,94.0,Knight,58.0,Rocket,84.0,,,,4,False,False,,,
06705,The Log,98.0,Skeletons,94.0,Knight,58.0,Rocket,84.0,,,,4,False,False,,,
06720,The Log,98.0,Skeletons,94.0,Knight,58.0,Rocket,84.0,,,,5,False,False,,,
06735,The Log,98.0,Skeletons,94.0,Knight,58.0,Rocket,84.0,,,,5,False,False,,,
06750,The Log,98.0,Skeletons,94.0,Knight,58.0,Rocket,84.0,,,,5,False,False,,,
06765,The Log,98.0,Skeletons,94.0,Knight,58.0,Rocket,84.0,,,,6,False,False,,,
06780,The Log,98.0,Skeletons,94.0,Knight,58.0,Rocket,84.0,,,,6,False,False,,,
06795,The Log,98.0,Skeletons,94.0,Knight,58.0,Rocket,84.0,,,,6,False,False,,,
06810,The Log,98.0,Skeletons,94.0,Knight,58.0,Rocket,84.0,,,,7,False,False,,,
06825,The Log,98.0,Skeletons,94.0,Knight,58.0,Rocket,84.0,,,,7,False,False,,,
06840,The Log,98.0,Skeletons,94.0,Knight,58.0,Rocket,84.0,,,,7,False,False,,,
06855,The Log,98.0,X,106.0,Knight,58.0,Rocket,84.0,Skeletons,94.0,2.0,7,True,False,,Skeletons,1.0
06870,The Log,98.0,X,106.0,Knight,58.0,Rocket,84.0,,,,7,False,False,,,
06885,The Log,98.0,X,106.0,Knight,58.0,Rocket,84.0,,,,7,False,False,,,
06900,The Log,98.0,X,106.0,Knight,58.0,Rocket,84.0,,,,8,False,False,,,
06915,The Log,98.0,Tesla,97.0,Knight,58.0,Rocket,84.0,X,106.0,2.0,2,True,True,,X,6.0
06930,The Log,98.0,Tesla,97.0,Knight,58.0,Rocket,84.0,,,,3,False,False,,,
06945,The Log,98.0,Tesla,97.0,Knight,58.0,Rocket,84.0,,,,3,False,False,,,
06960,The Log,98.0,Tesla,97.0,Knight,58.0,Rocket,84.0,,,,3,False,False,,,
06975,The Log,98.0,Tesla,97.0,Knight,58.0,Rocket,84.0,,,,4,False,False,,,
06990,The Log,98.0,Tesla,97.0,Knight,58.0,Rocket,84.0,,,,4,False,False,,,
07005,The Log,98.0,Tesla,97.0,Knight,58.0,Rocket,84.0,,,,4,False,False,,,
07020,The Log,98.0,Tesla,97.0,Knight,58.0,Rocket,84.0,,,,5,False,False,,,
07035,The Log,98.0,Tesla,97.0,Knight,58.0,Rocket,84.0,,,,5,False,False,,,
07050,The Log,98.0,Tesla,97.0,Ice Wizard,55.0,Rocket,84.0,Knight,58.0,3.0,2,True,True,,Knight,3.0
07065,The Log,98.0,Tesla,97.0,Ice Wizard,55.0,Rocket,84.0,,,,3,False,False,,,
07080,The Log,98.0,Tesla,97.0,Ice Wizard,55.0,Rocket,84.0,,,,3,False,False,,,
07095,The Log,98.0,Tesla,97.0,Ice Wizard,55.0,Rocket,84.0,,,,3,False,False,,,
07110,The Log,98.0,Tesla,97.0,Ice Wizard,55.0,Rocket,84.0,,,,4,False,False,,,
07125,The Log,98.0,Tesla,97.0,Tornado,101.0,Rocket,84.0,Ice Wizard,55.0,3.0,1,True,True,,Ice Wizard,3.0
07140,The Log,98.0,Tesla,97.0,Tornado,101.0,Rocket,84.0,,,,1,False,False,,,
07155,The Log,98.0,Tesla,97.0,Tornado,101.0,Rocket,84.0,,,,2,False,False,,,
07170,The Log,98.0,Tesla,97.0,Tornado,101.0,Rocket,84.0,,,,2,False,False,,,
07185,The Log,98.0,Tesla,97.0,Tornado,101.0,Rocket,84.0,,,,3,False,False,,,
07200,The Log,98.0,Tesla,97.0,Tornado,101.0,Rocket,84.0,,,,3,False,False,,,
07215,The Log,98.0,Tesla,97.0,Tornado,101.0,Rocket,84.0,,,,3,False,False,,,
07230,Skeletons,94.0,Tesla,97.0,Tornado,101.0,Rocket,84.0,The Log,98.0,1.0,2,True,True,,The Log,2.0
07245,Skeletons,94.0,Tesla,97.0,Tornado,101.0,Rocket,84.0,,,,2,False,False,,,
07260,Skeletons,94.0,Tesla,97.0,Tornado,101.0,Rocket,84.0,,,,2,False,False,,,
07275,Skeletons,94.0,Tesla,97.0,Tornado,101.0,Rocket,84.0,,,,3,False,False,,,
07290,Skeletons,94.0,Tesla,97.0,Tornado,101.0,Rocket,84.0,,,,3,False,False,,,
07305,Skeletons,94.0,Tesla,97.0,Tornado,101.0,Rocket,84.0,,,,3,False,False,,,
07320,Skeletons,94.0,Tesla,97.0,Tornado,101.0,Rocket,84.0,,,,4,False,False,,,
07335,Skeletons,94.0,Tesla,97.0,Tornado,101.0,Rocket,84.0,,,,4,False,False,,,
07350,Skeletons,94.0,Tesla,97.0,Tornado,101.0,Rocket,84.0,,,,4,False,False,,,
07365,Skeletons,94.0,Tesla,97.0,Tornado,101.0,Rocket,84.0,,,,5,False,False,,,
07380,Skeletons,94.0,Tesla,97.0,Tornado,101.0,Rocket,84.0,,,,5,False,False,,,
07395,Skeletons,94.0,Tesla,97.0,Tornado,101.0,Rocket,84.0,,,,6,False,False,,,
07410,Skeletons,94.0,Tesla,97.0,Tornado,101.0,Rocket,84.0,,,,6,False,False,,,
07425,Skeletons,94.0,Tesla,97.0,Tornado,101.0,Rocket,84.0,,,,7,False,False,,,
07440,Skeletons,94.0,Tesla,97.0,Tornado,101.0,Rocket,84.0,,,,7,False,False,,,
07455,Skeletons,94.0,Tesla,97.0,Tornado,101.0,Rocket,84.0,,,,8,False,False,,,
07470,X,106.0,Tesla,97.0,Tornado,101.0,Rocket,84.0,Skeletons,94.0,1.0,7,True,True,,Skeletons,1.0
07485,X,106.0,Tesla,97.0,Tornado,101.0,Rocket,84.0,,,,8,False,False,,,
07500,X,106.0,Tesla,97.0,Tornado,101.0,Rocket,84.0,,,,8,False,False,,,
07515,X,106.0,Tesla,97.0,Tornado,101.0,Rocket,84.0,,,,9,False,False,,,
07530,X,106.0,Tesla,97.0,Tornado,101.0,Rocket,84.0,,,,9,False,False,,,
07545,X,106.0,Tesla,97.0,Tornado,101.0,Rocket,84.0,,,,10,False,False,,,
07560,Knight,58.0,Tesla,97.0,Tornado,101.0,Rocket,84.0,X,106.0,1.0,4,True,True,,X,6.0
07575,Knight,58.0,Tesla,97.0,Tornado,101.0,Rocket,84.0,,,,5,False,False,,,
07590,Knight,58.0,Tesla,97.0,Tornado,101.0,Rocket,84.0,,,,5,False,False,,,
07605,Knight,58.0,Tesla,97.0,Tornado,101.0,Rocket,84.0,,,,6,False,False,,,
07620,Knight,58.0,Tesla,97.0,Tornado,101.0,Rocket,84.0,,,,6,False,False,,,
07635,Knight,58.0,Tesla,97.0,Tornado,101.0,Rocket,84.0,,,,7,False,False,,,
07650,Knight,58.0,Tesla,97.0,Tornado,101.0,Rocket,84.0,,,,7,False,False,,,
07665,Knight,58.0,Tesla,97.0,Ice Wizard,55.0,Rocket,84.0,Tornado,101.0,3.0,5,True,True,,Tornado,3.0
07680,Knight,58.0,Tesla,97.0,Ice Wizard,55.0,Rocket,84.0,,,,5,False,False,,,
07695,Knight,58.0,Tesla,97.0,Ice Wizard,55.0,Rocket,84.0,,,,6,False,False,,,
07710,Knight,58.0,Tesla,97.0,Ice Wizard,55.0,Rocket,84.0,,,,6,False,False,,,
07725,Knight,58.0,The Log,98.0,Ice Wizard,55.0,Rocket,84.0,Tesla,97.0,2.0,3,True,True,,Tesla,4.0
07740,Knight,58.0,The Log,98.0,Ice Wizard,55.0,Rocket,84.0,,,,4,False,False,,,
07755,Knight,58.0,The Log,98.0,Ice Wizard,55.0,Rocket,84.0,,,,4,False,False,,,
07770,Knight,58.0,The Log,98.0,Ice Wizard,55.0,Rocket,84.0,,,,5,False,False,,,
07785,Knight,58.0,The Log,98.0,Skeletons,94.0,Rocket,84.0,Ice Wizard,55.0,3.0,2,True,True,,Ice Wizard,3.0
07800,Knight,58.0,The Log,98.0,Skeletons,94.0,Rocket,84.0,,,,3,False,False,,,
07815,Knight,58.0,The Log,98.0,Skeletons,94.0,Rocket,84.0,,,,3,False,False,,,
07830,Knight,58.0,The Log,98.0,Skeletons,94.0,Rocket,84.0,,,,4,False,False,,,
07845,Knight,58.0,The Log,98.0,Skeletons,94.0,Rocket,84.0,,,,4,False,False,,,
07860,Knight,58.0,The Log,98.0,Skeletons,94.0,Rocket,84.0,,,,5,False,False,,,
07875,Knight,58.0,The Log,98.0,Skeletons,94.0,Rocket,84.0,,,,5,False,False,,,
07890,Knight,58.0,X,106.0,Skeletons,94.0,Rocket,84.0,The Log,98.0,2.0,4,True,True,,The Log,2.0
07905,Knight,58.0,X,106.0,Skeletons,94.0,Rocket,84.0,,,,4,False,False,,,
07920,Knight,58.0,X,106.0,Skeletons,94.0,Rocket,84.0,,,,5,False,False,,,
07935,Tornado,101.0,X,106.0,Skeletons,94.0,Rocket,84.0,Knight,58.0,1.0,2,True,True,,Knight,3.0
07950,Tornado,101.0,X,106.0,Skeletons,94.0,Rocket,84.0,,,,3,False,False,,,
07965,Tornado,101.0,X,106.0,Skeletons,94.0,Rocket,84.0,,,,4,False,False,,,
07980,Tornado,101.0,X,106.0,Skeletons,94.0,Rocket,84.0,,,,4,False,False,,,
07995,Tornado,101.0,X,106.0,Skeletons,94.0,Rocket,84.0,,,,5,False,False,,,
08010,Tornado,101.0,X,106.0,Skeletons,94.0,Rocket,84.0,,,,5,False,False,,,
08025,Tornado,101.0,X,106.0,Skeletons,94.0,Rocket,84.0,,,,6,False,False,,,
08040,Tornado,101.0,X,106.0,Skeletons,94.0,Rocket,84.0,,,,6,False,False,,,
08055,Tornado,101.0,X,106.0,Skeletons,94.0,Rocket,84.0,,,,1,False,True,,,
08070,Tornado,101.0,X,106.0,Skeletons,94.0,Rocket,84.0,,,,1,False,False,,,
08085,Tornado,101.0,X,106.0,Skeletons,94.0,Rocket,84.0,,,,2,False,False,,,
08100,Tornado,101.0,X,106.0,Skeletons,94.0,Rocket,84.0,,,,2,False,False,,,
08115,Tornado,101.0,X,106.0,Skeletons,94.0,Rocket,84.0,,,,3,False,False,,,
