frame,card1Name,card1Label,card2Name,card2Label,card3Name,card3Label,card4Name,card4Label,cardPlayedName,cardPlayedLabel,slotPlayed,elixir,predicted_cardPlayed,y_cardPlayed,y_elixirConsumed,predicted_elixirConsumed
00255,Dark Prince,18.0,Prince,79.0,Giant Snowball,38.0,Graveyard,48.0,,,,6,False,False,0.0,0.0
00270,Dark Prince,18.0,Prince,79.0,Giant Snowball,38.0,Graveyard,48.0,,,,6,False,False,0.0,0.0
00285,Dark Prince,18.0,Prince,79.0,Giant Snowball,38.0,Graveyard,48.0,,,,7,False,False,0.0,0.0
00300,Dark Prince,18.0,Prince,79.0,Giant Snowball,38.0,Graveyard,48.0,,,,7,False,False,0.0,0.0
00315,Dark Prince,18.0,Prince,79.0,Giant Snowball,38.0,Graveyard,48.0,,,,7,False,False,0.0,0.0
00330,Dark Prince,18.0,Prince,79.0,Giant Snowball,38.0,Graveyard,48.0,,,,7,False,False,0.0,0.0
00345,Dark Prince,18.0,Prince,79.0,Giant Snowball,38.0,Graveyard,48.0,,,,7,False,False,0.0,0.0
00360,Dark Prince,18.0,Prince,79.0,Giant Snowball,38.0,Graveyard,48.0,,,,7,False,False,0.0,0.0
00375,Dark Prince,18.0,Prince,79.0,Giant Snowball,38.0,Graveyard,48.0,,,,8,False,False,0.0,0.0
00390,Dark Prince,18.0,Prince,79.0,Giant Snowball,38.0,Graveyard,48.0,,,,8,False,False,0.0,0.0
00405,Dark Prince,18.0,Prince,79.0,Giant Snowball,38.0,Graveyard,48.0,,,,8,False,False,0.0,0.0
00420,Dark Prince,18.0,Prince,79.0,Giant Snowball,38.0,Graveyard,48.0,,,,8,False,False,0.0,0.0
00435,Dark Prince,18.0,Prince,79.0,Giant Snowball,38.0,Graveyard,48.0,,,,8,False,False,0.0,0.0
00450,Dark Prince,18.0,Prince,79.0,Giant Snowball,38.0,Graveyard,48.0,,,,9,False,False,0.0,0.0
00465,Dark Prince,18.0,Prince,79.0,Giant Snowball,38.0,Graveyard,48.0,,,,9,False,False,0.0,0.0
00480,Dark Prince,18.0,Prince,79.0,Giant Snowball,38.0,Graveyard,48.0,,,,9,False,False,0.0,0.0
00495,Dark Prince,18.0,Prince,79.0,Giant Snowball,38.0,Graveyard,48.0,,,,9,False,False,0.0,0.0
00510,Dark Prince,18.0,Prince,79.0,Giant Snowball,38.0,Graveyard,48.0,,,,9,False,False,0.0,0.0
00525,Dark Prince,18.0,Prince,79.0,Giant Snowball,38.0,Graveyard,48.0,,,,9,False,False,0.0,0.0
00540,Dark Prince,18.0,Prince,79.0,Giant Snowball,38.0,Graveyard,48.0,,,,10,False,False,0.0,0.0
00555,Dark Prince,18.0,Prince,79.0,Giant Snowball,38.0,Graveyard,48.0,,,,10,False,False,0.0,0.0
00570,Dark Prince,18.0,Prince,79.0,Giant Snowball,38.0,Graveyard,48.0,,,,10,False,False,0.0,0.0
00585,Dark Prince,18.0,Prince,79.0,Giant Snowball,38.0,Graveyard,48.0,,,,10,False,False,0.0,0.0
00600,Dark Prince,18.0,Prince,79.0,Giant Snowball,38.0,Graveyard,48.0,,,,10,False,False,0.0,0.0
00615,Musketeer,73.0,Prince,79.0,Giant Snowball,38.0,Graveyard,48.0,Dark Prince,18.0,1.0,6,True,True,4.0,4.0
00630,Musketeer,73.0,Prince,79.0,Giant Snowball,38.0,Graveyard,48.0,,,,6,False,False,0.0,0.0
00645,Musketeer,73.0,Prince,79.0,Giant Snowball,38.0,Graveyard,48.0,,,,6,False,False,0.0,0.0
00660,Musketeer,73.0,Prince,79.0,Giant Snowball,38.0,Graveyard,48.0,,,,6,False,False,0.0,0.0
00675,Musketeer,73.0,Prince,79.0,Giant Snowball,38.0,Graveyard,48.0,,,,6,False,False,0.0,0.0
00690,Musketeer,73.0,Poison,78.0,Giant Snowball,38.0,Graveyard,48.0,Prince,79.0,2.0,2,True,True,4.0,5.0
00705,Musketeer,73.0,Poison,78.0,Giant Snowball,38.0,Graveyard,48.0,,,,2,False,False,0.0,0.0
00720,Musketeer,73.0,Poison,78.0,Giant Snowball,38.0,Graveyard,48.0,,,,2,False,False,0.0,0.0
00735,Musketeer,73.0,Poison,78.0,Giant Snowball,38.0,Graveyard,48.0,,,,2,False,False,0.0,0.0
00750,Musketeer,73.0,Poison,78.0,Giant Snowball,38.0,Graveyard,48.0,,,,2,False,False,0.0,0.0
00765,Musketeer,73.0,Poison,78.0,Giant Snowball,38.0,Graveyard,48.0,,,,2,False,False,0.0,0.0
00780,Musketeer,73.0,Poison,78.0,Mega Minion,64.0,Graveyard,48.0,Giant Snowball,38.0,3.0,1,True,True,1.0,2.0
00795,Musketeer,73.0,Poison,78.0,Mega Minion,64.0,Graveyard,48.0,,,,1,False,False,0.0,0.0
00810,Musketeer,73.0,Poison,78.0,Mega Minion,64.0,Graveyard,48.0,,,,1,False,False,0.0,0.0
00825,Musketeer,73.0,Poison,78.0,Mega Minion,64.0,Graveyard,48.0,,,,1,False,False,0.0,0.0
00840,Musketeer,73.0,Poison,78.0,Mega Minion,64.0,Graveyard,48.0,,,,1,False,False,0.0,0.0
00855,Musketeer,73.0,Poison,78.0,Mega Minion,64.0,Graveyard,48.0,,,,1,False,False,0.0,0.0
00870,Musketeer,73.0,Poison,78.0,Mega Minion,64.0,Graveyard,48.0,,,,2,False,False,0.0,0.0
00885,Musketeer,73.0,Poison,78.0,Mega Minion,64.0,Graveyard,48.0,,,,2,False,False,0.0,0.0
00900,Musketeer,73.0,Poison,78.0,Mega Minion,64.0,Graveyard,48.0,,,,2,False,False,0.0,0.0
00915,Musketeer,73.0,Poison,78.0,Mega Minion,64.0,Graveyard,48.0,,,,2,False,False,0.0,0.0
00930,Musketeer,73.0,Poison,78.0,Mega Minion,64.0,Graveyard,48.0,,,,2,False,False,0.0,0.0
00945,Musketeer,73.0,Poison,78.0,Mega Minion,64.0,Graveyard,48.0,,,,3,False,False,0.0,0.0
00960,Musketeer,73.0,Poison,78.0,Mega Minion,64.0,Graveyard,48.0,,,,3,False,False,0.0,0.0
00975,Musketeer,73.0,Poison,78.0,Mega Minion,64.0,Graveyard,48.0,,,,3,False,False,0.0,0.0
00990,Musketeer,73.0,Poison,78.0,Barbarian Barrel,6.0,Graveyard,48.0,Mega Minion,64.0,3.0,0,True,True,3.0,3.0
01005,Musketeer,73.0,Poison,78.0,Barbarian Barrel,6.0,Graveyard,48.0,,,,0,False,False,0.0,0.0
01020,Musketeer,73.0,Poison,78.0,Barbarian Barrel,6.0,Graveyard,48.0,,,,0,False,False,0.0,0.0
01035,Musketeer,73.0,Poison,78.0,Barbarian Barrel,6.0,Graveyard,48.0,,,,1,False,False,0.0,0.0
01050,Musketeer,73.0,Poison,78.0,Barbarian Barrel,6.0,Graveyard,48.0,,,,1,False,False,0.0,0.0
01065,Musketeer,73.0,Poison,78.0,Barbarian Barrel,6.0,Graveyard,48.0,,,,1,False,False,0.0,0.0
01080,Musketeer,73.0,Poison,78.0,Barbarian Barrel,6.0,Graveyard,48.0,,,,1,False,False,0.0,0.0
01095,Musketeer,73.0,Poison,78.0,Barbarian Barrel,6.0,Graveyard,48.0,,,,1,False,False,0.0,0.0
01110,Musketeer,73.0,Poison,78.0,Barbarian Barrel,6.0,Graveyard,48.0,,,,2,False,False,0.0,0.0
01125,Musketeer,73.0,Poison,78.0,Barbarian Barrel,6.0,Graveyard,48.0,,,,2,False,False,0.0,0.0
01140,Musketeer,73.0,Poison,78.0,Barbarian Barrel,6.0,Graveyard,48.0,,,,2,False,False,0.0,0.0
01155,Musketeer,73.0,Poison,78.0,Barbarian Barrel,6.0,Graveyard,48.0,,,,2,False,False,0.0,0.0
01170,Musketeer,73.0,Poison,78.0,Barbarian Barrel,6.0,Graveyard,48.0,,,,2,False,False,0.0,0.0
01185,Musketeer,73.0,Poison,78.0,Barbarian Barrel,6.0,Graveyard,48.0,,,,2,False,False,0.0,0.0
01200,Musketeer,73.0,Poison,78.0,Barbarian Barrel,6.0,Graveyard,48.0,,,,3,False,False,0.0,0.0
01215,Musketeer,73.0,Poison,78.0,Barbarian Barrel,6.0,Graveyard,48.0,,,,3,False,False,0.0,0.0
01230,Musketeer,73.0,Poison,78.0,Barbarian Barrel,6.0,Graveyard,48.0,,,,3,False,False,0.0,0.0
01245,Musketeer,73.0,Poison,78.0,Barbarian Barrel,6.0,Graveyard,48.0,,,,3,False,False,0.0,0.0
01260,Musketeer,73.0,Poison,78.0,Barbarian Barrel,6.0,Graveyard,48.0,,,,3,False,False,0.0,0.0
01275,Musketeer,73.0,Poison,78.0,Barbarian Barrel,6.0,Graveyard,48.0,,,,3,False,False,0.0,0.0
01290,Musketeer,73.0,Poison,78.0,Barbarian Barrel,6.0,Graveyard,48.0,,,,4,False,False,0.0,0.0
01305,Musketeer,73.0,Poison,78.0,Barbarian Barrel,6.0,Graveyard,48.0,,,,4,False,False,0.0,0.0
01320,Musketeer,73.0,Poison,78.0,Barbarian Barrel,6.0,Graveyard,48.0,,,,4,False,False,0.0,0.0
01335,Musketeer,73.0,Poison,78.0,Barbarian Barrel,6.0,Graveyard,48.0,,,,4,False,False,0.0,0.0
01350,Musketeer,73.0,Poison,78.0,Barbarian Barrel,6.0,Graveyard,48.0,,,,4,False,False,0.0,0.0
01365,Musketeer,73.0,Poison,78.0,Barbarian Barrel,6.0,Graveyard,48.0,,,,5,False,False,0.0,0.0
01380,Musketeer,73.0,Poison,78.0,Barbarian Barrel,6.0,Graveyard,48.0,,,,5,False,False,0.0,0.0
01395,Musketeer,73.0,Poison,78.0,Barbarian Barrel,6.0,Graveyard,48.0,,,,5,False,False,0.0,0.0
01410,Musketeer,73.0,Poison,78.0,Barbarian Barrel,6.0,Graveyard,48.0,,,,5,False,False,0.0,0.0
01425,Musketeer,73.0,Poison,78.0,Barbarian Barrel,6.0,Graveyard,48.0,,,,5,False,False,0.0,0.0
01440,Musketeer,73.0,Poison,78.0,Barbarian Barrel,6.0,Graveyard,48.0,,,,5,False,False,0.0,0.0
01455,Musketeer,73.0,Poison,78.0,Barbarian Barrel,6.0,Graveyard,48.0,,,,6,False,False,0.0,0.0
01470,Musketeer,73.0,Poison,78.0,Barbarian Barrel,6.0,Graveyard,48.0,,,,6,False,False,0.0,0.0
01485,Musketeer,73.0,Poison,78.0,Barbarian Barrel,6.0,Graveyard,48.0,,,,6,False,False,0.0,0.0
01500,Musketeer,73.0,Poison,78.0,Barbarian Barrel,6.0,Graveyard,48.0,,,,6,False,False,0.0,0.0
01515,Musketeer,73.0,Poison,78.0,Barbarian Barrel,6.0,Graveyard,48.0,,,,6,False,False,0.0,0.0
01530,Musketeer,73.0,Poison,78.0,Barbarian Barrel,6.0,Graveyard,48.0,,,,7,False,False,0.0,0.0
01545,Musketeer,73.0,Poison,78.0,Barbarian Barrel,6.0,Graveyard,48.0,,,,7,False,False,0.0,0.0
01560,Musketeer,73.0,Poison,78.0,Barbarian Barrel,6.0,Graveyard,48.0,,,,7,False,False,0.0,0.0
01575,Musketeer,73.0,Poison,78.0,Barbarian Barrel,6.0,Graveyard,48.0,,,,7,False,False,0.0,0.0
01590,Musketeer,73.0,Poison,78.0,Barbarian Barrel,6.0,Graveyard,48.0,,,,7,False,False,0.0,0.0
01605,Musketeer,73.0,Poison,78.0,Barbarian Barrel,6.0,Graveyard,48.0,,,,7,False,False,0.0,0.0
01620,Musketeer,73.0,Poison,78.0,Barbarian Barrel,6.0,Graveyard,48.0,,,,8,False,False,0.0,0.0
01635,Musketeer,73.0,Poison,78.0,Barbarian Barrel,6.0,Graveyard,48.0,,,,8,False,False,0.0,0.0
01650,Musketeer,73.0,Poison,78.0,Barbarian Barrel,6.0,Graveyard,48.0,,,,8,False,False,0.0,0.0
01665,Musketeer,73.0,Poison,78.0,Barbarian Barrel,6.0,Graveyard,48.0,,,,8,False,False,0.0,0.0
01680,Musketeer,73.0,Poison,78.0,Barbarian Barrel,6.0,Graveyard,48.0,,,,8,False,False,0.0,0.0
01695,Musketeer,73.0,Poison,78.0,Barbarian Barrel,6.0,Graveyard,48.0,,,,8,False,False,0.0,0.0
01710,Musketeer,73.0,Poison,78.0,Barbarian Barrel,6.0,Graveyard,48.0,,,,9,False,False,0.0,0.0
01725,Musketeer,73.0,Poison,78.0,Barbarian Barrel,6.0,Graveyard,48.0,,,,9,False,False,0.0,0.0
01740,Musketeer,73.0,Poison,78.0,Barbarian Barrel,6.0,Graveyard,48.0,,,,9,False,False,0.0,0.0
01755,Musketeer,73.0,Poison,78.0,Barbarian Barrel,6.0,Graveyard,48.0,,,,9,False,False,0.0,0.0
01770,Musketeer,73.0,Poison,78.0,Barbarian Barrel,6.0,Graveyard,48.0,,,,9,False,False,0.0,0.0
01785,Musketeer,73.0,Poison,78.0,Dark Prince,18.0,Graveyard,48.0,Barbarian Barrel,6.0,3.0,8,True,True,1.0,2.0
01800,Musketeer,73.0,Poison,78.0,Dark Prince,18.0,Graveyard,48.0,,,,8,False,False,0.0,0.0
01815,Musketeer,73.0,Poison,78.0,Dark Prince,18.0,Graveyard,48.0,,,,8,False,False,0.0,0.0
01830,Musketeer,73.0,Poison,78.0,Dark Prince,18.0,Graveyard,48.0,,,,8,False,False,0.0,0.0
01845,Musketeer,73.0,Poison,78.0,Dark Prince,18.0,Graveyard,48.0,,,,8,False,False,0.0,0.0
01860,Musketeer,73.0,Poison,78.0,Dark Prince,18.0,Graveyard,48.0,,,,8,False,False,0.0,0.0
01875,Musketeer,73.0,Poison,78.0,Dark Prince,18.0,Graveyard,48.0,,,,9,False,False,0.0,0.0
01890,Musketeer,73.0,Poison,78.0,Dark Prince,18.0,Graveyard,48.0,,,,9,False,False,0.0,0.0
01905,Musketeer,73.0,Poison,78.0,Dark Prince,18.0,Graveyard,48.0,,,,9,False,False,0.0,0.0
01920,Musketeer,73.0,Poison,78.0,Dark Prince,18.0,Graveyard,48.0,,,,9,False,False,0.0,0.0
01935,Musketeer,73.0,Poison,78.0,Dark Prince,18.0,Graveyard,48.0,,,,9,False,False,0.0,0.0
01950,Musketeer,73.0,Poison,78.0,Dark Prince,18.0,Graveyard,48.0,,,,10,False,False,0.0,0.0
01965,Musketeer,73.0,Poison,78.0,Prince,79.0,Graveyard,48.0,Dark Prince,18.0,3.0,6,True,True,4.0,4.0
01980,Musketeer,73.0,Poison,78.0,Prince,79.0,Graveyard,48.0,,,,6,False,False,0.0,0.0
01995,Musketeer,73.0,Poison,78.0,Prince,79.0,Graveyard,48.0,,,,6,False,False,0.0,0.0
02010,Musketeer,73.0,Poison,78.0,Prince,79.0,Graveyard,48.0,,,,6,False,False,0.0,0.0
02025,Musketeer,73.0,Poison,78.0,Giant Snowball,38.0,Graveyard,48.0,Prince,79.0,3.0,7,True,True,6.0,5.0
02040,Musketeer,73.0,Poison,78.0,Giant Snowball,38.0,Graveyard,48.0,,,,1,False,False,0.0,0.0
02055,Musketeer,73.0,Poison,78.0,Giant Snowball,38.0,Graveyard,48.0,,,,2,False,False,0.0,0.0
02070,Musketeer,73.0,Poison,78.0,Giant Snowball,38.0,Graveyard,48.0,,,,2,False,False,0.0,0.0
02085,Musketeer,73.0,Poison,78.0,Giant Snowball,38.0,Graveyard,48.0,,,,2,False,False,0.0,0.0
02100,Musketeer,73.0,Poison,78.0,Giant Snowball,38.0,Graveyard,48.0,,,,2,False,False,0.0,0.0
02115,Musketeer,73.0,Poison,78.0,Giant Snowball,38.0,Graveyard,48.0,,,,2,False,False,0.0,0.0
02130,Musketeer,73.0,Poison,78.0,Giant Snowball,38.0,Graveyard,48.0,,,,3,False,False,0.0,0.0
02145,Musketeer,73.0,Poison,78.0,Giant Snowball,38.0,Graveyard,48.0,,,,3,False,False,0.0,0.0
02160,Musketeer,73.0,Poison,78.0,Giant Snowball,38.0,Graveyard,48.0,,,,3,False,False,0.0,0.0
02175,Musketeer,73.0,Poison,78.0,Mega Minion,64.0,Graveyard,48.0,Giant Snowball,38.0,3.0,2,True,True,1.0,2.0
02190,Musketeer,73.0,Poison,78.0,Mega Minion,64.0,Graveyard,48.0,,,,1,False,True,1.0,0.0
02205,Musketeer,73.0,Poison,78.0,Mega Minion,64.0,Graveyard,48.0,,,,1,False,False,0.0,0.0
02220,Musketeer,73.0,Poison,78.0,Mega Minion,64.0,Graveyard,48.0,,,,2,False,False,0.0,0.0
02235,Musketeer,73.0,Poison,78.0,Mega Minion,64.0,Graveyard,48.0,,,,2,False,False,0.0,0.0
02250,Musketeer,73.0,Poison,78.0,Mega Minion,64.0,Graveyard,48.0,,,,2,False,False,0.0,0.0
02265,Musketeer,73.0,Poison,78.0,Mega Minion,64.0,Graveyard,48.0,,,,2,False,False,0.0,0.0
02280,Musketeer,73.0,Poison,78.0,Mega Minion,64.0,Graveyard,48.0,,,,2,False,False,0.0,0.0
02295,Musketeer,73.0,Poison,78.0,Mega Minion,64.0,Graveyard,48.0,,,,2,False,False,0.0,0.0
02310,Musketeer,73.0,Poison,78.0,Mega Minion,64.0,Graveyard,48.0,,,,3,False,False,0.0,0.0
02325,Musketeer,73.0,Poison,78.0,Mega Minion,64.0,Graveyard,48.0,,,,3,False,False,0.0,0.0
02340,Musketeer,73.0,Poison,78.0,Barbarian Barrel,6.0,Graveyard,48.0,Mega Minion,64.0,3.0,0,True,True,3.0,3.0
02355,Musketeer,73.0,Poison,78.0,Barbarian Barrel,6.0,Graveyard,48.0,,,,0,False,False,0.0,0.0
02370,Musketeer,73.0,Poison,78.0,Barbarian Barrel,6.0,Graveyard,48.0,,,,0,False,False,0.0,0.0
02385,Musketeer,73.0,Poison,78.0,Barbarian Barrel,6.0,Graveyard,48.0,,,,1,False,False,0.0,0.0
02400,Musketeer,73.0,Poison,78.0,Barbarian Barrel,6.0,Graveyard,48.0,,,,1,False,False,0.0,0.0
02415,Musketeer,73.0,Poison,78.0,Barbarian Barrel,6.0,Graveyard,48.0,,,,1,False,False,0.0,0.0
02430,Musketeer,73.0,Poison,78.0,Barbarian Barrel,6.0,Graveyard,48.0,,,,1,False,False,0.0,0.0
02445,Musketeer,73.0,Poison,78.0,Barbarian Barrel,6.0,Graveyard,48.0,,,,1,False,False,0.0,0.0
02460,Musketeer,73.0,Poison,78.0,Barbarian Barrel,6.0,Graveyard,48.0,,,,1,False,False,0.0,0.0
02475,Musketeer,73.0,Poison,78.0,Barbarian Barrel,6.0,Graveyard,48.0,,,,2,False,False,0.0,0.0
02490,Musketeer,73.0,Poison,78.0,Barbarian Barrel,6.0,Graveyard,48.0,,,,2,False,False,0.0,0.0
02505,Musketeer,73.0,Poison,78.0,Dark Prince,18.0,Graveyard,48.0,Barbarian Barrel,6.0,3.0,0,True,True,2.0,2.0
02520,Musketeer,73.0,Poison,78.0,Dark Prince,18.0,Graveyard,48.0,,,,0,False,False,0.0,0.0
02535,Musketeer,73.0,Poison,78.0,Dark Prince,18.0,Graveyard,48.0,,,,0,False,False,0.0,0.0
02550,Musketeer,73.0,Poison,78.0,Dark Prince,18.0,Graveyard,48.0,,,,1,False,False,0.0,0.0
02565,Musketeer,73.0,Poison,78.0,Dark Prince,18.0,Graveyard,48.0,,,,1,False,False,0.0,0.0
02580,Musketeer,73.0,Poison,78.0,Dark Prince,18.0,Graveyard,48.0,,,,1,False,False,0.0,0.0
02595,Musketeer,73.0,Poison,78.0,Dark Prince,18.0,Graveyard,48.0,,,,1,False,False,0.0,0.0
02610,Musketeer,73.0,Poison,78.0,Dark Prince,18.0,Graveyard,48.0,,,,1,False,False,0.0,0.0
02625,Musketeer,73.0,Poison,78.0,Dark Prince,18.0,Graveyard,48.0,,,,1,False,False,0.0,0.0
02640,Musketeer,73.0,Poison,78.0,Dark Prince,18.0,Graveyard,48.0,,,,2,False,False,0.0,0.0
02655,Musketeer,73.0,Poison,78.0,Dark Prince,18.0,Graveyard,48.0,,,,2,False,False,0.0,0.0
02670,Musketeer,73.0,Poison,78.0,Dark Prince,18.0,Graveyard,48.0,,,,2,False,False,0.0,0.0
02685,Musketeer,73.0,Poison,78.0,Dark Prince,18.0,Graveyard,48.0,,,,2,False,False,0.0,0.0
02700,Musketeer,73.0,Poison,78.0,Dark Prince,18.0,Graveyard,48.0,,,,2,False,False,0.0,0.0
02715,Musketeer,73.0,Poison,78.0,Dark Prince,18.0,Graveyard,48.0,,,,2,False,False,0.0,0.0
02730,Musketeer,73.0,Poison,78.0,Dark Prince,18.0,Graveyard,48.0,,,,3,False,False,0.0,0.0
02745,Musketeer,73.0,Poison,78.0,Dark Prince,18.0,Graveyard,48.0,,,,3,False,False,0.0,0.0
02760,Musketeer,73.0,Poison,78.0,Dark Prince,18.0,Graveyard,48.0,,,,3,False,False,0.0,0.0
02775,Musketeer,73.0,Poison,78.0,Dark Prince,18.0,Graveyard,48.0,,,,3,False,False,0.0,0.0
02790,Musketeer,73.0,Poison,78.0,Dark Prince,18.0,Graveyard,48.0,,,,3,False,False,0.0,0.0
02805,Musketeer,73.0,Poison,78.0,Dark Prince,18.0,Graveyard,48.0,,,,4,False,False,0.0,0.0
02820,Musketeer,73.0,Poison,78.0,Dark Prince,18.0,Graveyard,48.0,,,,4,False,False,0.0,0.0
02835,Musketeer,73.0,Poison,78.0,Dark Prince,18.0,Graveyard,48.0,,,,4,False,False,0.0,0.0
02850,Musketeer,73.0,Poison,78.0,Dark Prince,18.0,Graveyard,48.0,,,,4,False,False,0.0,0.0
02865,Musketeer,73.0,Poison,78.0,Dark Prince,18.0,Graveyard,48.0,,,,4,False,False,0.0,0.0
02880,Musketeer,73.0,Poison,78.0,Dark Prince,18.0,Graveyard,48.0,,,,4,False,False,0.0,0.0
02895,Musketeer,73.0,Poison,78.0,Dark Prince,18.0,Graveyard,48.0,,,,5,False,False,0.0,0.0
02910,Musketeer,73.0,Poison,78.0,Dark Prince,18.0,Graveyard,48.0,,,,5,False,False,0.0,0.0
02925,Musketeer,73.0,Poison,78.0,Dark Prince,18.0,Graveyard,48.0,,,,5,False,False,0.0,0.0
02940,Musketeer,73.0,Poison,78.0,Dark Prince,18.0,Graveyard,48.0,,,,5,False,False,0.0,0.0
02955,Musketeer,73.0,Poison,78.0,Dark Prince,18.0,Graveyard,48.0,,,,5,False,False,0.0,0.0
02970,Musketeer,73.0,Poison,78.0,Dark Prince,18.0,Graveyard,48.0,,,,6,False,False,0.0,0.0
02985,Musketeer,73.0,Poison,78.0,Dark Prince,18.0,Graveyard,48.0,,,,6,False,False,0.0,0.0
03000,Musketeer,73.0,Poison,78.0,Dark Prince,18.0,Graveyard,48.0,,,,6,False,False,0.0,0.0
03015,Musketeer,73.0,Poison,78.0,Dark Prince,18.0,Graveyard,48.0,,,,6,False,False,0.0,0.0
03030,Musketeer,73.0,Poison,78.0,Dark Prince,18.0,Graveyard,48.0,,,,6,False,False,0.0,0.0
03045,Musketeer,73.0,Poison,78.0,Dark Prince,18.0,Graveyard,48.0,,,,6,False,False,0.0,0.0
03060,Musketeer,73.0,Poison,78.0,Dark Prince,18.0,Graveyard,48.0,,,,7,False,False,0.0,0.0
03075,Musketeer,73.0,Poison,78.0,Dark Prince,18.0,Graveyard,48.0,,,,7,False,False,0.0,0.0
03090,Musketeer,73.0,Poison,78.0,Dark Prince,18.0,Graveyard,48.0,,,,7,False,False,0.0,0.0
03105,Musketeer,73.0,Poison,78.0,Dark Prince,18.0,Graveyard,48.0,,,,7,False,False,0.0,0.0
03120,Musketeer,73.0,Poison,78.0,Dark Prince,18.0,Graveyard,48.0,,,,7,False,False,0.0,0.0
03135,Musketeer,73.0,Poison,78.0,Dark Prince,18.0,Graveyard,48.0,,,,8,False,False,0.0,0.0
03150,Musketeer,73.0,Poison,78.0,Dark Prince,18.0,Graveyard,48.0,,,,8,False,False,0.0,0.0
03165,Musketeer,73.0,Poison,78.0,Dark Prince,18.0,Graveyard,48.0,,,,8,False,False,0.0,0.0
03180,Musketeer,73.0,Poison,78.0,Dark Prince,18.0,Graveyard,48.0,,,,8,False,False,0.0,0.0
03195,Musketeer,73.0,Poison,78.0,Dark Prince,18.0,Graveyard,48.0,,,,8,False,False,0.0,0.0
03210,Musketeer,73.0,Poison,78.0,Dark Prince,18.0,Graveyard,48.0,,,,8,False,False,0.0,0.0
03225,Musketeer,73.0,Poison,78.0,Dark Prince,18.0,Graveyard,48.0,,,,9,False,False,0.0,0.0
03240,Musketeer,73.0,Poison,78.0,Dark Prince,18.0,Graveyard,48.0,,,,9,False,False,0.0,0.0
03255,Musketeer,73.0,Poison,78.0,Prince,79.0,Graveyard,48.0,Dark Prince,18.0,3.0,5,True,True,4.0,4.0
03270,Musketeer,73.0,Poison,78.0,Prince,79.0,Graveyard,48.0,,,,5,False,False,0.0,0.0
03285,Musketeer,73.0,Poison,78.0,Prince,79.0,Graveyard,48.0,,,,5,False,False,0.0,0.0
03300,Musketeer,73.0,Poison,78.0,Prince,79.0,Graveyard,48.0,,,,5,False,False,0.0,0.0
03315,Musketeer,73.0,Poison,78.0,Prince,79.0,Graveyard,48.0,,,,6,False,False,0.0,0.0
03330,Musketeer,73.0,Poison,78.0,Prince,79.0,Graveyard,48.0,,,,6,False,False,0.0,0.0
03345,Musketeer,73.0,Poison,78.0,Prince,79.0,Graveyard,48.0,,,,6,False,False,0.0,0.0
03360,Musketeer,73.0,Poison,78.0,Prince,79.0,Graveyard,48.0,,,,6,False,False,0.0,0.0
03375,Musketeer,73.0,Poison,78.0,Prince,79.0,Graveyard,48.0,,,,6,False,False,0.0,0.0
03390,Musketeer,73.0,Poison,78.0,Prince,79.0,Graveyard,48.0,,,,7,False,False,0.0,0.0
03405,Musketeer,73.0,Poison,78.0,Prince,79.0,Graveyard,48.0,,,,7,False,False,0.0,0.0
03420,Musketeer,73.0,Poison,78.0,Prince,79.0,Graveyard,48.0,,,,7,False,False,0.0,0.0
03435,Musketeer,73.0,Poison,78.0,Prince,79.0,Graveyard,48.0,,,,7,False,False,0.0,0.0
03450,Musketeer,73.0,Poison,78.0,Prince,79.0,Graveyard,48.0,,,,7,False,False,0.0,0.0
03465,Musketeer,73.0,Poison,78.0,Prince,79.0,Graveyard,48.0,,,,7,False,False,0.0,0.0
03480,Musketeer,73.0,Poison,78.0,Prince,79.0,Graveyard,48.0,,,,8,False,False,0.0,0.0
03495,Musketeer,73.0,Poison,78.0,Prince,79.0,Graveyard,48.0,,,,8,False,False,0.0,0.0
03510,Musketeer,73.0,Poison,78.0,Prince,79.0,Graveyard,48.0,,,,8,False,False,0.0,0.0
03525,Musketeer,73.0,Poison,78.0,Prince,79.0,Graveyard,48.0,,,,8,False,False,0.0,0.0
03540,Musketeer,73.0,Giant Snowball,38.0,Prince,79.0,Graveyard,48.0,Poison,78.0,2.0,4,True,True,4.0,4.0
03555,Musketeer,73.0,Giant Snowball,38.0,Prince,79.0,Graveyard,48.0,,,,4,False,False,0.0,0.0
03570,Musketeer,73.0,Giant Snowball,38.0,Prince,79.0,Graveyard,48.0,,,,5,False,False,0.0,0.0
03585,Musketeer,73.0,Giant Snowball,38.0,Prince,79.0,Graveyard,48.0,,,,5,False,False,0.0,0.0
03600,Musketeer,73.0,Giant Snowball,38.0,Prince,79.0,Graveyard,48.0,,,,5,False,False,0.0,0.0
03615,Musketeer,73.0,Giant Snowball,38.0,Prince,79.0,Graveyard,48.0,,,,5,False,False,0.0,0.0
03630,Musketeer,73.0,Giant Snowball,38.0,Prince,79.0,Graveyard,48.0,,,,5,False,False,0.0,0.0
03645,Musketeer,73.0,Giant Snowball,38.0,Prince,79.0,Graveyard,48.0,,,,6,False,False,0.0,0.0
03660,Musketeer,73.0,Giant Snowball,38.0,Prince,79.0,Graveyard,48.0,,,,6,False,False,0.0,0.0
03675,Musketeer,73.0,Giant Snowball,38.0,Prince,79.0,Graveyard,48.0,,,,6,False,False,0.0,0.0
03690,Musketeer,73.0,Giant Snowball,38.0,Prince,79.0,Graveyard,48.0,,,,6,False,False,0.0,0.0
03705,Musketeer,73.0,Giant Snowball,38.0,Prince,79.0,Graveyard,48.0,,,,6,False,False,0.0,0.0
03720,Musketeer,73.0,Giant Snowball,38.0,Prince,79.0,Graveyard,48.0,,,,6,False,False,0.0,0.0
03735,Musketeer,73.0,Giant Snowball,38.0,Prince,79.0,Graveyard,48.0,,,,7,False,False,0.0,0.0
03750,Musketeer,73.0,Giant Snowball,38.0,Prince,79.0,Graveyard,48.0,,,,7,False,False,0.0,0.0
03765,Musketeer,73.0,Giant Snowball,38.0,Prince,79.0,Graveyard,48.0,,,,7,False,False,0.0,0.0
03780,Musketeer,73.0,Giant Snowball,38.0,Prince,79.0,Graveyard,48.0,,,,7,False,False,0.0,0.0
03795,Musketeer,73.0,Giant Snowball,38.0,Prince,79.0,Graveyard,48.0,,,,7,False,False,0.0,0.0
03810,Musketeer,73.0,Giant Snowball,38.0,Prince,79.0,Graveyard,48.0,,,,9,False,False,0.0,0.0
03825,Musketeer,73.0,Giant Snowball,38.0,Prince,79.0,Graveyard,48.0,,,,9,False,False,0.0,0.0
03840,Musketeer,73.0,Giant Snowball,38.0,Prince,79.0,Graveyard,48.0,,,,9,False,False,0.0,0.0
03855,Musketeer,73.0,Giant Snowball,38.0,Prince,79.0,Graveyard,48.0,,,,10,False,False,0.0,0.0
03870,Musketeer,73.0,Giant Snowball,38.0,Prince,79.0,Graveyard,48.0,,,,10,False,False,0.0,0.0
03885,Musketeer,73.0,Giant Snowball,38.0,Prince,79.0,Graveyard,48.0,,,,10,False,False,0.0,0.0
03900,Mega Minion,64.0,Giant Snowball,38.0,Prince,79.0,Graveyard,48.0,Musketeer,73.0,1.0,6,True,True,4.0,4.0
03915,Mega Minion,64.0,Giant Snowball,38.0,Prince,79.0,Graveyard,48.0,,,,6,False,False,0.0,0.0
03930,Mega Minion,64.0,Giant Snowball,38.0,Prince,79.0,Graveyard,48.0,,,,6,False,False,0.0,0.0
03945,Mega Minion,64.0,Giant Snowball,38.0,Prince,79.0,Graveyard,48.0,,,,7,False,False,0.0,0.0
03960,Mega Minion,64.0,Giant Snowball,38.0,Prince,79.0,Graveyard,48.0,,,,7,False,False,0.0,0.0
03975,Mega Minion,64.0,Giant Snowball,38.0,Prince,79.0,Graveyard,48.0,,,,8,False,False,0.0,0.0
03990,Mega Minion,64.0,Giant Snowball,38.0,Prince,79.0,Graveyard,48.0,,,,8,False,False,0.0,0.0
04005,Mega Minion,64.0,Giant Snowball,38.0,Prince,79.0,Graveyard,48.0,,,,8,False,False,0.0,0.0
04020,Mega Minion,64.0,Giant Snowball,38.0,Prince,79.0,Graveyard,48.0,,,,9,False,False,0.0,0.0
04035,Mega Minion,64.0,Giant Snowball,38.0,Prince,79.0,Graveyard,48.0,,,,9,False,False,0.0,0.0
04050,Mega Minion,64.0,Giant Snowball,38.0,Prince,79.0,Graveyard,48.0,,,,9,False,False,0.0,0.0
04065,Mega Minion,64.0,Giant Snowball,38.0,Barbarian Barrel,6.0,Graveyard,48.0,Prince,79.0,3.0,5,True,True,4.0,5.0
04080,Mega Minion,64.0,Giant Snowball,38.0,Barbarian Barrel,6.0,Graveyard,48.0,,,,5,False,False,0.0,0.0
04095,Mega Minion,64.0,Giant Snowball,38.0,Barbarian Barrel,6.0,Graveyard,48.0,,,,5,False,False,0.0,0.0
04110,Mega Minion,64.0,Giant Snowball,38.0,Barbarian Barrel,6.0,Dark Prince,18.0,Graveyard,48.0,4.0,1,True,True,4.0,5.0
04125,Mega Minion,64.0,Giant Snowball,38.0,Barbarian Barrel,6.0,Dark Prince,18.0,,,,1,False,False,0.0,0.0
04140,Mega Minion,64.0,Giant Snowball,38.0,Barbarian Barrel,6.0,Dark Prince,18.0,,,,1,False,False,0.0,0.0
04155,Mega Minion,64.0,Giant Snowball,38.0,Barbarian Barrel,6.0,Dark Prince,18.0,,,,2,False,False,0.0,0.0
04170,Mega Minion,64.0,Giant Snowball,38.0,Barbarian Barrel,6.0,Dark Prince,18.0,,,,2,False,False,0.0,0.0
04185,Mega Minion,64.0,Giant Snowball,38.0,Barbarian Barrel,6.0,Dark Prince,18.0,,,,3,False,False,0.0,0.0
04200,Mega Minion,64.0,Giant Snowball,38.0,Barbarian Barrel,6.0,Dark Prince,18.0,,,,3,False,False,0.0,0.0
04215,Mega Minion,64.0,Giant Snowball,38.0,Barbarian Barrel,6.0,Dark Prince,18.0,,,,3,False,False,0.0,0.0
04230,Mega Minion,64.0,Giant Snowball,38.0,Barbarian Barrel,6.0,Dark Prince,18.0,,,,4,False,False,0.0,0.0
04245,Mega Minion,64.0,Giant Snowball,38.0,Barbarian Barrel,6.0,Dark Prince,18.0,,,,4,False,False,0.0,0.0
04260,Mega Minion,64.0,Giant Snowball,38.0,Barbarian Barrel,6.0,Dark Prince,18.0,,,,4,False,False,0.0,0.0
04275,Mega Minion,64.0,Giant Snowball,38.0,Barbarian Barrel,6.0,Dark Prince,18.0,,,,5,False,False,0.0,0.0
04290,Mega Minion,64.0,Giant Snowball,38.0,Barbarian Barrel,6.0,Dark Prince,18.0,,,,5,False,False,0.0,0.0
04305,Mega Minion,64.0,Giant Snowball,38.0,Barbarian Barrel,6.0,Dark Prince,18.0,,,,5,False,False,0.0,0.0
04320,Mega Minion,64.0,Giant Snowball,38.0,Barbarian Barrel,6.0,Dark Prince,18.0,,,,6,False,False,0.0,0.0
04335,Mega Minion,64.0,Giant Snowball,38.0,Poison,78.0,Dark Prince,18.0,Barbarian Barrel,6.0,3.0,4,True,True,2.0,2.0
04350,Mega Minion,64.0,Giant Snowball,38.0,Poison,78.0,Dark Prince,18.0,,,,4,False,False,0.0,0.0
04365,Mega Minion,64.0,Giant Snowball,38.0,Poison,78.0,Dark Prince,18.0,,,,5,False,False,0.0,0.0
04380,Mega Minion,64.0,Giant Snowball,38.0,Poison,78.0,Dark Prince,18.0,,,,5,False,False,0.0,0.0
04395,Mega Minion,64.0,Giant Snowball,38.0,Poison,78.0,Dark Prince,18.0,,,,5,False,False,0.0,0.0
04410,Mega Minion,64.0,Giant Snowball,38.0,Poison,78.0,Dark Prince,18.0,,,,6,False,False,0.0,0.0
04425,Mega Minion,64.0,Giant Snowball,38.0,Poison,78.0,Dark Prince,18.0,,,,6,False,False,0.0,0.0
04440,Mega Minion,64.0,Giant Snowball,38.0,Poison,78.0,Dark Prince,18.0,,,,7,False,False,0.0,0.0
04455,Mega Minion,64.0,Giant Snowball,38.0,Poison,78.0,Dark Prince,18.0,,,,7,False,False,0.0,0.0
04470,Mega Minion,64.0,Giant Snowball,38.0,Poison,78.0,Dark Prince,18.0,,,,7,False,False,0.0,0.0
04485,Mega Minion,64.0,Giant Snowball,38.0,Poison,78.0,Dark Prince,18.0,,,,8,False,False,0.0,0.0
04500,Mega Minion,64.0,Giant Snowball,38.0,Poison,78.0,Dark Prince,18.0,,,,8,False,False,0.0,0.0
04515,Mega Minion,64.0,Giant Snowball,38.0,Poison,78.0,Dark Prince,18.0,,,,8,False,False,0.0,0.0
04530,Mega Minion,64.0,Giant Snowball,38.0,Poison,78.0,Dark Prince,18.0,,,,9,False,False,0.0,0.0
04545,Mega Minion,64.0,Giant Snowball,38.0,Poison,78.0,Dark Prince,18.0,,,,9,False,False,0.0,0.0
04560,Mega Minion,64.0,Giant Snowball,38.0,Poison,78.0,Musketeer,73.0,Dark Prince,18.0,4.0,5,True,True,4.0,4.0
04575,Mega Minion,64.0,Giant Snowball,38.0,Poison,78.0,Musketeer,73.0,,,,6,False,False,0.0,0.0
04590,Mega Minion,64.0,Giant Snowball,38.0,Poison,78.0,Musketeer,73.0,,,,6,False,False,0.0,0.0
04605,Mega Minion,64.0,Giant Snowball,38.0,Poison,78.0,Musketeer,73.0,,,,6,False,False,0.0,0.0
04620,Mega Minion,64.0,Giant Snowball,38.0,Poison,78.0,Musketeer,73.0,,,,7,False,False,0.0,0.0
04635,Mega Minion,64.0,Giant Snowball,38.0,Prince,79.0,Musketeer,73.0,Poison,78.0,3.0,3,True,True,4.0,4.0
04650,Mega Minion,64.0,Giant Snowball,38.0,Prince,79.0,Musketeer,73.0,,,,4,False,False,0.0,0.0
04665,Mega Minion,64.0,Giant Snowball,38.0,Prince,79.0,Musketeer,73.0,,,,4,False,False,0.0,0.0
04680,Mega Minion,64.0,Giant Snowball,38.0,Prince,79.0,Musketeer,73.0,,,,4,False,False,0.0,0.0
04695,Mega Minion,64.0,Giant Snowball,38.0,Prince,79.0,Musketeer,73.0,,,,5,False,False,0.0,0.0
04710,Mega Minion,64.0,Giant Snowball,38.0,Prince,79.0,Graveyard,48.0,Musketeer,73.0,4.0,1,True,True,4.0,4.0
04725,Mega Minion,64.0,Giant Snowball,38.0,Prince,79.0,Graveyard,48.0,,,,1,False,False,0.0,0.0
04740,Mega Minion,64.0,Giant Snowball,38.0,Prince,79.0,Graveyard,48.0,,,,2,False,False,0.0,0.0
04755,Mega Minion,64.0,Giant Snowball,38.0,Prince,79.0,Graveyard,48.0,,,,2,False,False,0.0,0.0
04770,Mega Minion,64.0,Giant Snowball,38.0,Prince,79.0,Graveyard,48.0,,,,2,False,False,0.0,0.0
04785,Mega Minion,64.0,Barbarian Barrel,6.0,Prince,79.0,Graveyard,48.0,Giant Snowball,38.0,2.0,1,True,True,1.0,2.0
04800,Mega Minion,64.0,Barbarian Barrel,6.0,Prince,79.0,Graveyard,48.0,,,,1,False,False,0.0,0.0
04815,Mega Minion,64.0,Barbarian Barrel,6.0,Prince,79.0,Graveyard,48.0,,,,2,False,False,0.0,0.0
04830,Mega Minion,64.0,Barbarian Barrel,6.0,Prince,79.0,Graveyard,48.0,,,,2,False,False,0.0,0.0
04845,Mega Minion,64.0,Barbarian Barrel,6.0,Prince,79.0,Graveyard,48.0,,,,2,False,False,0.0,0.0
04860,Mega Minion,64.0,Dark Prince,18.0,Prince,79.0,Graveyard,48.0,Barbarian Barrel,6.0,2.0,1,True,True,1.0,2.0
04875,Mega Minion,64.0,Dark Prince,18.0,Prince,79.0,Graveyard,48.0,,,,1,False,False,0.0,0.0
04890,Mega Minion,64.0,Dark Prince,18.0,Prince,79.0,Graveyard,48.0,,,,1,False,False,0.0,0.0
04905,Mega Minion,64.0,Dark Prince,18.0,Prince,79.0,Graveyard,48.0,,,,2,False,False,0.0,0.0
04920,Mega Minion,64.0,Dark Prince,18.0,Prince,79.0,Graveyard,48.0,,,,2,False,False,0.0,0.0
04935,Mega Minion,64.0,Dark Prince,18.0,Prince,79.0,Graveyard,48.0,,,,2,False,False,0.0,0.0
04950,Mega Minion,64.0,Dark Prince,18.0,Prince,79.0,Graveyard,48.0,,,,3,False,False,0.0,0.0
04965,Mega Minion,64.0,Dark Prince,18.0,Prince,79.0,Graveyard,48.0,,,,3,False,False,0.0,0.0
04980,Mega Minion,64.0,Dark Prince,18.0,Prince,79.0,Graveyard,48.0,,,,3,False,False,0.0,0.0
04995,Mega Minion,64.0,Dark Prince,18.0,Prince,79.0,Graveyard,48.0,,,,4,False,False,0.0,0.0
05010,Mega Minion,64.0,Dark Prince,18.0,Prince,79.0,Graveyard,48.0,,,,4,False,False,0.0,0.0
05025,Mega Minion,64.0,Dark Prince,18.0,Prince,79.0,Graveyard,48.0,,,,5,False,False,0.0,0.0
05040,Mega Minion,64.0,Dark Prince,18.0,Prince,79.0,Graveyard,48.0,,,,5,False,False,0.0,0.0
05055,Mega Minion,64.0,Dark Prince,18.0,Prince,79.0,Graveyard,48.0,,,,5,False,False,0.0,0.0
05070,Mega Minion,64.0,Dark Prince,18.0,Prince,79.0,Graveyard,48.0,,,,6,False,False,0.0,0.0
05085,Mega Minion,64.0,Dark Prince,18.0,Prince,79.0,Graveyard,48.0,,,,6,False,False,0.0,0.0
05100,Mega Minion,64.0,Dark Prince,18.0,Prince,79.0,Graveyard,48.0,,,,6,False,False,0.0,0.0
05115,Mega Minion,64.0,Dark Prince,18.0,Prince,79.0,Graveyard,48.0,,,,7,False,False,0.0,0.0
05130,Mega Minion,64.0,Dark Prince,18.0,Prince,79.0,Graveyard,48.0,,,,7,False,False,0.0,0.0
05145,Mega Minion,64.0,Dark Prince,18.0,Prince,79.0,Graveyard,48.0,,,,7,False,False,0.0,0.0
05160,Mega Minion,64.0,Dark Prince,18.0,Prince,79.0,Graveyard,48.0,,,,8,False,False,0.0,0.0
05175,Mega Minion,64.0,Dark Prince,18.0,Prince,79.0,Graveyard,48.0,,,,8,False,False,0.0,0.0
05190,Mega Minion,64.0,Dark Prince,18.0,Prince,79.0,Graveyard,48.0,,,,8,False,False,0.0,0.0
05205,Mega Minion,64.0,Dark Prince,18.0,Prince,79.0,Graveyard,48.0,,,,9,False,False,0.0,0.0
05220,Mega Minion,64.0,Dark Prince,18.0,Prince,79.0,Graveyard,48.0,,,,9,False,False,0.0,0.0
05235,Poison,78.0,Dark Prince,18.0,Prince,79.0,Graveyard,48.0,Mega Minion,64.0,1.0,7,True,True,2.0,3.0
05250,Poison,78.0,Musketeer,73.0,Prince,79.0,Graveyard,48.0,Dark Prince,18.0,2.0,3,True,True,4.0,4.0
05265,Poison,78.0,Musketeer,73.0,Prince,79.0,Graveyard,48.0,,,,3,False,False,0.0,0.0
05280,Poison,78.0,Musketeer,73.0,Prince,79.0,Graveyard,48.0,,,,4,False,False,0.0,0.0
05295,Poison,78.0,Musketeer,73.0,Prince,79.0,Graveyard,48.0,,,,4,False,False,0.0,0.0
05310,Poison,78.0,Musketeer,73.0,Prince,79.0,Graveyard,48.0,,,,4,False,False,0.0,0.0
05325,Poison,78.0,Musketeer,73.0,Prince,79.0,Graveyard,48.0,,,,5,False,False,0.0,0.0
05340,Giant Snowball,38.0,Musketeer,73.0,Prince,79.0,Graveyard,48.0,Poison,78.0,1.0,1,True,True,4.0,4.0
05355,Giant Snowball,38.0,Musketeer,73.0,Prince,79.0,Graveyard,48.0,,,,1,False,False,0.0,0.0
05370,Giant Snowball,38.0,Musketeer,73.0,Prince,79.0,Graveyard,48.0,,,,2,False,False,0.0,0.0
05385,Giant Snowball,38.0,Musketeer,73.0,Prince,79.0,Graveyard,48.0,,,,2,False,False,0.0,0.0
05400,Giant Snowball,38.0,Musketeer,73.0,Prince,79.0,Graveyard,48.0,,,,2,False,False,0.0,0.0
05415,Giant Snowball,38.0,Musketeer,73.0,Prince,79.0,Graveyard,48.0,,,,3,False,False,0.0,0.0
05430,Giant Snowball,38.0,Musketeer,73.0,Prince,79.0,Graveyard,48.0,,,,3,False,False,0.0,0.0
05445,Giant Snowball,38.0,Musketeer,73.0,Prince,79.0,Graveyard,48.0,,,,4,False,False,0.0,0.0
05460,Barbarian Barrel,6.0,Musketeer,73.0,Prince,79.0,Graveyard,48.0,Giant Snowball,38.0,1.0,2,True,True,2.0,2.0
05475,Barbarian Barrel,6.0,Musketeer,73.0,Prince,79.0,Graveyard,48.0,,,,2,False,False,0.0,0.0
05490,Barbarian Barrel,6.0,Musketeer,73.0,Prince,79.0,Graveyard,48.0,,,,3,False,False,0.0,0.0
05505,Mega Minion,64.0,Musketeer,73.0,Prince,79.0,Graveyard,48.0,Barbarian Barrel,6.0,1.0,3,True,True,2.0,2.0
05520,Mega Minion,64.0,Musketeer,73.0,Prince,79.0,Graveyard,48.0,,,,1,False,False,0.0,0.0
05535,Mega Minion,64.0,Musketeer,73.0,Prince,79.0,Graveyard,48.0,,,,2,False,False,0.0,0.0
05550,Mega Minion,64.0,Musketeer,73.0,Prince,79.0,Graveyard,48.0,,,,2,False,False,0.0,0.0
05565,Mega Minion,64.0,Musketeer,73.0,Prince,79.0,Graveyard,48.0,,,,2,False,False,0.0,0.0
05580,Mega Minion,64.0,Musketeer,73.0,Prince,79.0,Graveyard,48.0,,,,3,False,False,0.0,0.0
05595,Mega Minion,64.0,Musketeer,73.0,Prince,79.0,Graveyard,48.0,,,,3,False,False,0.0,0.0
05610,Mega Minion,64.0,Musketeer,73.0,Prince,79.0,Graveyard,48.0,,,,3,False,False,0.0,0.0
05625,Mega Minion,64.0,Musketeer,73.0,Prince,79.0,Graveyard,48.0,,,,4,False,False,0.0,0.0
05640,Mega Minion,64.0,Musketeer,73.0,Prince,79.0,Graveyard,48.0,,,,4,False,False,0.0,0.0
05655,Mega Minion,64.0,Musketeer,73.0,Prince,79.0,Graveyard,48.0,,,,5,False,False,0.0,0.0
05670,Mega Minion,64.0,Musketeer,73.0,Prince,79.0,Graveyard,48.0,,,,5,False,False,0.0,0.0
05685,Mega Minion,64.0,Musketeer,73.0,Prince,79.0,Graveyard,48.0,,,,5,False,False,0.0,0.0
05700,Mega Minion,64.0,Musketeer,73.0,Prince,79.0,Graveyard,48.0,,,,6,False,False,0.0,0.0
05715,Mega Minion,64.0,Musketeer,73.0,Prince,79.0,Graveyard,48.0,,,,6,False,False,0.0,0.0
05730,Mega Minion,64.0,Musketeer,73.0,Prince,79.0,Graveyard,48.0,,,,6,False,False,0.0,0.0
05745,Mega Minion,64.0,Musketeer,73.0,Prince,79.0,Graveyard,48.0,,,,7,False,False,0.0,0.0
05760,Mega Minion,64.0,Musketeer,73.0,Prince,79.0,Graveyard,48.0,,,,7,False,False,0.0,0.0
05775,Mega Minion,64.0,Musketeer,73.0,Prince,79.0,Graveyard,48.0,,,,7,False,False,0.0,0.0
05790,Mega Minion,64.0,Musketeer,73.0,Prince,79.0,Graveyard,48.0,,,,8,False,False,0.0,0.0
05805,Mega Minion,64.0,Musketeer,73.0,Prince,79.0,Graveyard,48.0,,,,8,False,False,0.0,0.0
05820,Mega Minion,64.0,Musketeer,73.0,Prince,79.0,Graveyard,48.0,,,,8,False,False,0.0,0.0
05835,Mega Minion,64.0,Musketeer,73.0,Prince,79.0,Graveyard,48.0,,,,9,False,False,0.0,0.0
05850,Mega Minion,64.0,Musketeer,73.0,Prince,79.0,Graveyard,48.0,,,,9,False,False,0.0,0.0
05865,Mega Minion,64.0,Musketeer,73.0,Prince,79.0,Graveyard,48.0,,,,10,False,False,0.0,0.0
05880,Mega Minion,64.0,Musketeer,73.0,Prince,79.0,Graveyard,48.0,,,,10,False,False,0.0,0.0
05895,Mega Minion,64.0,Musketeer,73.0,Dark Prince,18.0,Graveyard,48.0,Prince,79.0,3.0,10,True,True,5.0,5.0
05910,Mega Minion,64.0,Musketeer,73.0,Dark Prince,18.0,Graveyard,48.0,,,,5,False,False,0.0,0.0
05925,Mega Minion,64.0,Musketeer,73.0,Dark Prince,18.0,Poison,78.0,Graveyard,48.0,4.0,0,True,True,5.0,5.0
05940,Mega Minion,64.0,Musketeer,73.0,Dark Prince,18.0,Poison,78.0,,,,1,False,False,0.0,0.0
05955,Mega Minion,64.0,Musketeer,73.0,Dark Prince,18.0,Poison,78.0,,,,1,False,False,0.0,0.0
05970,Mega Minion,64.0,Musketeer,73.0,Dark Prince,18.0,Poison,78.0,,,,2,False,False,0.0,0.0
05985,Mega Minion,64.0,Musketeer,73.0,Dark Prince,18.0,Poison,78.0,,,,2,False,False,0.0,0.0
06000,Mega Minion,64.0,Musketeer,73.0,Dark Prince,18.0,Poison,78.0,,,,2,False,False,0.0,0.0
06015,Mega Minion,64.0,Musketeer,73.0,Dark Prince,18.0,Poison,78.0,,,,3,False,False,0.0,0.0
06030,Mega Minion,64.0,Musketeer,73.0,Dark Prince,18.0,Poison,78.0,,,,3,False,False,0.0,0.0
06045,Mega Minion,64.0,Musketeer,73.0,Dark Prince,18.0,Poison,78.0,,,,3,False,False,0.0,0.0
06060,Mega Minion,64.0,Musketeer,73.0,Dark Prince,18.0,Poison,78.0,,,,4,False,False,0.0,0.0
06075,Mega Minion,64.0,Musketeer,73.0,Dark Prince,18.0,Poison,78.0,,,,4,False,False,0.0,0.0
06090,Mega Minion,64.0,Barbarian Barrel,6.0,Dark Prince,18.0,Giant Snowball,38.0,Poison,78.0,4.0,0,True,True,4.0,4.0
06105,Mega Minion,64.0,Barbarian Barrel,6.0,Dark Prince,18.0,Giant Snowball,38.0,,,,1,False,False,0.0,0.0
06120,Mega Minion,64.0,Barbarian Barrel,6.0,Dark Prince,18.0,Giant Snowball,38.0,,,,1,False,False,0.0,0.0
06135,Mega Minion,64.0,Barbarian Barrel,6.0,Dark Prince,18.0,Giant Snowball,38.0,,,,1,False,False,0.0,0.0
06150,Mega Minion,64.0,Barbarian Barrel,6.0,Dark Prince,18.0,Giant Snowball,38.0,,,,2,False,False,0.0,0.0
06165,Mega Minion,64.0,Barbarian Barrel,6.0,Dark Prince,18.0,Giant Snowball,38.0,,,,2,False,False,0.0,0.0
06180,Mega Minion,64.0,Barbarian Barrel,6.0,Dark Prince,18.0,Giant Snowball,38.0,,,,3,False,False,0.0,0.0
06195,Mega Minion,64.0,Barbarian Barrel,6.0,Dark Prince,18.0,Giant Snowball,38.0,,,,3,False,False,0.0,0.0
06210,Mega Minion,64.0,Barbarian Barrel,6.0,Dark Prince,18.0,Giant Snowball,38.0,,,,3,False,False,0.0,0.0
06225,Mega Minion,64.0,Musketeer,73.0,Dark Prince,18.0,Giant Snowball,38.0,Barbarian Barrel,6.0,2.0,4,True,False,0.0,2.0
06240,Mega Minion,64.0,Musketeer,73.0,Dark Prince,18.0,Giant Snowball,38.0,,,,4,False,False,0.0,0.0
06255,Mega Minion,64.0,Musketeer,73.0,Dark Prince,18.0,Giant Snowball,38.0,,,,4,False,False,0.0,0.0
06270,Mega Minion,64.0,Musketeer,73.0,Dark Prince,18.0,Giant Snowball,38.0,,,,5,False,False,0.0,0.0
06285,Mega Minion,64.0,Musketeer,73.0,Dark Prince,18.0,Giant Snowball,38.0,,,,5,False,False,0.0,0.0
06300,Mega Minion,64.0,Musketeer,73.0,Dark Prince,18.0,Giant Snowball,38.0,,,,5,False,False,0.0,0.0
